{"categories":{"output":{"assets":{"kpis.csv":{"type":"Table"},"CountyDemand_allocation_solution.csv":{"type":"Table"},"log.txt":{"type":"Asset"}}},"input":{"assets":{"ProductAvailability.csv":{"type":"Table"},"CountyDemand.csv":{"type":"Table"},"Product.csv":{"type":"Table"},"AllocationParameters.csv":{"type":"Table"},"County.csv":{"type":"Table"}}},"model":{"assets":{"model.py":{"type":"Asset"}}},"CO_ASSET_SESSION":{"assets":{"CO_SESSION.json":{"type":"Asset"}}},"CO_ASSET":{"assets":{"CO_SOLUTION_TEXT.json":{"type":"Asset"},"solveParameters.json":{"type":"Asset"},"CO_DATASET.json":{"type":"Asset"},"CO_SOLUTION_JSON.json":{"type":"Asset"}}}},"modelType":"cognitive","category":"scenario"}