id_of_CountyDemand,CountyDemand allocation decision,CountyDemand selection decision,CountyDemand county,CountyDemand demand,CountyDemand product,CountyDemand maxValueAllocation,CountyDemand minValueAllocationForAssignment
0,0.0,0.0,Alcona,268,Alcohol-based hand rub,100000000,0.10000000149011612
1,0.0,0.0,Alger,20,Alcohol-based hand rub,100000000,0.10000000149011612
2,0.0,0.0,Allegan,163,Alcohol-based hand rub,100000000,0.10000000149011612
3,0.0,0.0,Antrim,259,Alcohol-based hand rub,100000000,0.10000000149011612
4,0.0,0.0,Baraga,3051,Alcohol-based hand rub,100000000,0.10000000149011612
5,0.0,0.0,Barry,386,Alcohol-based hand rub,100000000,0.10000000149011612
6,0.0,0.0,Benzie,948,Alcohol-based hand rub,100000000,0.10000000149011612
7,0.0,0.0,Delta,371,Alcohol-based hand rub,100000000,0.10000000149011612
8,0.0,0.0,Dickinson,226,Alcohol-based hand rub,100000000,0.10000000149011612
9,0.0,0.0,Eaton,555,Alcohol-based hand rub,100000000,0.10000000149011612
10,0.0,0.0,Emmet,35,Alcohol-based hand rub,100000000,0.10000000149011612
11,0.0,0.0,Gogebic,2384,Alcohol-based hand rub,100000000,0.10000000149011612
12,0.0,0.0,Grand Traverse,306,Alcohol-based hand rub,100000000,0.10000000149011612
13,0.0,0.0,Gratiot,32,Alcohol-based hand rub,100000000,0.10000000149011612
14,0.0,0.0,Houghton,265,Alcohol-based hand rub,100000000,0.10000000149011612
15,0.0,0.0,Huron,103,Alcohol-based hand rub,100000000,0.10000000149011612
16,0.0,0.0,Iron,1019,Alcohol-based hand rub,100000000,0.10000000149011612
17,0.0,0.0,Isabella,3839,Alcohol-based hand rub,100000000,0.10000000149011612
18,0.0,0.0,Kalamazoo,196,Alcohol-based hand rub,100000000,0.10000000149011612
19,0.0,0.0,Kalkaska,6114,Alcohol-based hand rub,100000000,0.10000000149011612
20,0.0,0.0,Kent,373,Alcohol-based hand rub,100000000,0.10000000149011612
21,0.0,0.0,Keweenaw,367,Alcohol-based hand rub,100000000,0.10000000149011612
22,0.0,0.0,Lake,619,Alcohol-based hand rub,100000000,0.10000000149011612
23,0.0,0.0,Lapeer,86,Alcohol-based hand rub,100000000,0.10000000149011612
24,0.0,0.0,Leelanau,1704,Alcohol-based hand rub,100000000,0.10000000149011612
25,0.0,0.0,Lenawee,146,Alcohol-based hand rub,100000000,0.10000000149011612
26,0.0,0.0,Livingston,1780,Alcohol-based hand rub,100000000,0.10000000149011612
27,0.0,0.0,Manistee,182,Alcohol-based hand rub,100000000,0.10000000149011612
28,0.0,0.0,Marquette,957,Alcohol-based hand rub,100000000,0.10000000149011612
29,0.0,0.0,Mason,189,Alcohol-based hand rub,100000000,0.10000000149011612
30,0.0,0.0,Mecosta,7,Alcohol-based hand rub,100000000,0.10000000149011612
31,0.0,0.0,Menominee,160,Alcohol-based hand rub,100000000,0.10000000149011612
32,0.0,0.0,Midland,438,Alcohol-based hand rub,100000000,0.10000000149011612
33,0.0,0.0,Missaukee,352,Alcohol-based hand rub,100000000,0.10000000149011612
34,0.0,0.0,Monroe,98,Alcohol-based hand rub,100000000,0.10000000149011612
35,0.0,0.0,Montcalm,2162,Alcohol-based hand rub,100000000,0.10000000149011612
36,0.0,0.0,Oceana,137,Alcohol-based hand rub,100000000,0.10000000149011612
37,0.0,0.0,Ogemaw,1899,Alcohol-based hand rub,100000000,0.10000000149011612
38,0.0,0.0,Osceola,18185,Alcohol-based hand rub,100000000,0.10000000149011612
39,0.0,0.0,Oscoda,545,Alcohol-based hand rub,100000000,0.10000000149011612
40,0.0,0.0,Presque Isle,611,Alcohol-based hand rub,100000000,0.10000000149011612
41,0.0,0.0,Roscommon,1036,Alcohol-based hand rub,100000000,0.10000000149011612
42,0.0,0.0,Sanilac,162,Alcohol-based hand rub,100000000,0.10000000149011612
43,0.0,0.0,Schoolcraft,149,Alcohol-based hand rub,100000000,0.10000000149011612
44,0.0,0.0,Van Buren,69,Alcohol-based hand rub,100000000,0.10000000149011612
45,0.0,0.0,Washtenaw,55,Alcohol-based hand rub,100000000,0.10000000149011612
46,0.0,0.0,Wexford,420,Alcohol-based hand rub,100000000,0.10000000149011612
47,0.0,0.0,Alcona,3,BioHazard Liner bags 2gallon,100000000,0.10000000149011612
48,0.0,0.0,Alger,1,BioHazard Liner bags 2gallon,100000000,0.10000000149011612
49,0.0,0.0,Allegan,2,BioHazard Liner bags 2gallon,100000000,0.10000000149011612
50,0.0,0.0,Antrim,3,BioHazard Liner bags 2gallon,100000000,0.10000000149011612
51,0.0,0.0,Baraga,31,BioHazard Liner bags 2gallon,100000000,0.10000000149011612
52,0.0,0.0,Barry,4,BioHazard Liner bags 2gallon,100000000,0.10000000149011612
53,0.0,0.0,Benzie,10,BioHazard Liner bags 2gallon,100000000,0.10000000149011612
54,0.0,0.0,Delta,4,BioHazard Liner bags 2gallon,100000000,0.10000000149011612
55,0.0,0.0,Dickinson,3,BioHazard Liner bags 2gallon,100000000,0.10000000149011612
56,0.0,0.0,Eaton,6,BioHazard Liner bags 2gallon,100000000,0.10000000149011612
57,0.0,0.0,Emmet,1,BioHazard Liner bags 2gallon,100000000,0.10000000149011612
58,0.0,0.0,Gogebic,24,BioHazard Liner bags 2gallon,100000000,0.10000000149011612
59,0.0,0.0,Grand Traverse,4,BioHazard Liner bags 2gallon,100000000,0.10000000149011612
60,0.0,0.0,Gratiot,1,BioHazard Liner bags 2gallon,100000000,0.10000000149011612
61,0.0,0.0,Houghton,3,BioHazard Liner bags 2gallon,100000000,0.10000000149011612
62,0.0,0.0,Huron,2,BioHazard Liner bags 2gallon,100000000,0.10000000149011612
63,0.0,0.0,Iron,11,BioHazard Liner bags 2gallon,100000000,0.10000000149011612
64,0.0,0.0,Isabella,39,BioHazard Liner bags 2gallon,100000000,0.10000000149011612
65,0.0,0.0,Kalamazoo,2,BioHazard Liner bags 2gallon,100000000,0.10000000149011612
66,0.0,0.0,Kalkaska,62,BioHazard Liner bags 2gallon,100000000,0.10000000149011612
67,0.0,0.0,Kent,4,BioHazard Liner bags 2gallon,100000000,0.10000000149011612
68,0.0,0.0,Keweenaw,4,BioHazard Liner bags 2gallon,100000000,0.10000000149011612
69,0.0,0.0,Lake,7,BioHazard Liner bags 2gallon,100000000,0.10000000149011612
70,0.0,0.0,Lapeer,1,BioHazard Liner bags 2gallon,100000000,0.10000000149011612
71,0.0,0.0,Leelanau,18,BioHazard Liner bags 2gallon,100000000,0.10000000149011612
72,0.0,0.0,Lenawee,2,BioHazard Liner bags 2gallon,100000000,0.10000000149011612
73,0.0,0.0,Livingston,18,BioHazard Liner bags 2gallon,100000000,0.10000000149011612
74,0.0,0.0,Manistee,2,BioHazard Liner bags 2gallon,100000000,0.10000000149011612
75,0.0,0.0,Marquette,10,BioHazard Liner bags 2gallon,100000000,0.10000000149011612
76,0.0,0.0,Mason,2,BioHazard Liner bags 2gallon,100000000,0.10000000149011612
77,0.0,0.0,Mecosta,1,BioHazard Liner bags 2gallon,100000000,0.10000000149011612
78,0.0,0.0,Menominee,2,BioHazard Liner bags 2gallon,100000000,0.10000000149011612
79,0.0,0.0,Midland,5,BioHazard Liner bags 2gallon,100000000,0.10000000149011612
80,0.0,0.0,Missaukee,4,BioHazard Liner bags 2gallon,100000000,0.10000000149011612
81,0.0,0.0,Monroe,1,BioHazard Liner bags 2gallon,100000000,0.10000000149011612
82,0.0,0.0,Montcalm,22,BioHazard Liner bags 2gallon,100000000,0.10000000149011612
83,0.0,0.0,Oceana,2,BioHazard Liner bags 2gallon,100000000,0.10000000149011612
84,0.0,0.0,Ogemaw,19,BioHazard Liner bags 2gallon,100000000,0.10000000149011612
85,0.0,0.0,Osceola,182,BioHazard Liner bags 2gallon,100000000,0.10000000149011612
86,0.0,0.0,Oscoda,6,BioHazard Liner bags 2gallon,100000000,0.10000000149011612
87,0.0,0.0,Presque Isle,7,BioHazard Liner bags 2gallon,100000000,0.10000000149011612
88,0.0,0.0,Roscommon,11,BioHazard Liner bags 2gallon,100000000,0.10000000149011612
89,0.0,0.0,Sanilac,2,BioHazard Liner bags 2gallon,100000000,0.10000000149011612
90,0.0,0.0,Schoolcraft,2,BioHazard Liner bags 2gallon,100000000,0.10000000149011612
91,0.0,0.0,Van Buren,1,BioHazard Liner bags 2gallon,100000000,0.10000000149011612
92,0.0,0.0,Washtenaw,1,BioHazard Liner bags 2gallon,100000000,0.10000000149011612
93,0.0,0.0,Wexford,5,BioHazard Liner bags 2gallon,100000000,0.10000000149011612
94,0.0,0.0,Alcona,54,BioHazard Liner bags 44gallon,100000000,0.10000000149011612
95,0.0,0.0,Alger,4,BioHazard Liner bags 44gallon,100000000,0.10000000149011612
96,0.0,0.0,Allegan,33,BioHazard Liner bags 44gallon,100000000,0.10000000149011612
97,0.0,0.0,Antrim,52,BioHazard Liner bags 44gallon,100000000,0.10000000149011612
98,0.0,0.0,Baraga,611,BioHazard Liner bags 44gallon,100000000,0.10000000149011612
99,0.0,0.0,Barry,78,BioHazard Liner bags 44gallon,100000000,0.10000000149011612
100,0.0,0.0,Benzie,190,BioHazard Liner bags 44gallon,100000000,0.10000000149011612
101,0.0,0.0,Delta,75,BioHazard Liner bags 44gallon,100000000,0.10000000149011612
102,0.0,0.0,Dickinson,46,BioHazard Liner bags 44gallon,100000000,0.10000000149011612
103,0.0,0.0,Eaton,111,BioHazard Liner bags 44gallon,100000000,0.10000000149011612
104,0.0,0.0,Emmet,7,BioHazard Liner bags 44gallon,100000000,0.10000000149011612
105,0.0,0.0,Gogebic,477,BioHazard Liner bags 44gallon,100000000,0.10000000149011612
106,0.0,0.0,Grand Traverse,62,BioHazard Liner bags 44gallon,100000000,0.10000000149011612
107,0.0,0.0,Gratiot,7,BioHazard Liner bags 44gallon,100000000,0.10000000149011612
108,0.0,0.0,Houghton,53,BioHazard Liner bags 44gallon,100000000,0.10000000149011612
109,0.0,0.0,Huron,21,BioHazard Liner bags 44gallon,100000000,0.10000000149011612
110,0.0,0.0,Iron,204,BioHazard Liner bags 44gallon,100000000,0.10000000149011612
111,0.0,0.0,Isabella,768,BioHazard Liner bags 44gallon,100000000,0.10000000149011612
112,0.0,0.0,Kalamazoo,40,BioHazard Liner bags 44gallon,100000000,0.10000000149011612
113,0.0,0.0,Kalkaska,1223,BioHazard Liner bags 44gallon,100000000,0.10000000149011612
114,0.0,0.0,Kent,75,BioHazard Liner bags 44gallon,100000000,0.10000000149011612
115,0.0,0.0,Keweenaw,74,BioHazard Liner bags 44gallon,100000000,0.10000000149011612
116,0.0,0.0,Lake,124,BioHazard Liner bags 44gallon,100000000,0.10000000149011612
117,0.0,0.0,Lapeer,18,BioHazard Liner bags 44gallon,100000000,0.10000000149011612
118,0.0,0.0,Leelanau,341,BioHazard Liner bags 44gallon,100000000,0.10000000149011612
119,0.0,0.0,Lenawee,30,BioHazard Liner bags 44gallon,100000000,0.10000000149011612
120,0.0,0.0,Livingston,356,BioHazard Liner bags 44gallon,100000000,0.10000000149011612
121,0.0,0.0,Manistee,37,BioHazard Liner bags 44gallon,100000000,0.10000000149011612
122,0.0,0.0,Marquette,192,BioHazard Liner bags 44gallon,100000000,0.10000000149011612
123,0.0,0.0,Mason,38,BioHazard Liner bags 44gallon,100000000,0.10000000149011612
124,0.0,0.0,Mecosta,2,BioHazard Liner bags 44gallon,100000000,0.10000000149011612
125,0.0,0.0,Menominee,32,BioHazard Liner bags 44gallon,100000000,0.10000000149011612
126,0.0,0.0,Midland,88,BioHazard Liner bags 44gallon,100000000,0.10000000149011612
127,0.0,0.0,Missaukee,71,BioHazard Liner bags 44gallon,100000000,0.10000000149011612
128,0.0,0.0,Monroe,20,BioHazard Liner bags 44gallon,100000000,0.10000000149011612
129,0.0,0.0,Montcalm,433,BioHazard Liner bags 44gallon,100000000,0.10000000149011612
130,0.0,0.0,Oceana,28,BioHazard Liner bags 44gallon,100000000,0.10000000149011612
131,0.0,0.0,Ogemaw,380,BioHazard Liner bags 44gallon,100000000,0.10000000149011612
132,0.0,0.0,Osceola,3637,BioHazard Liner bags 44gallon,100000000,0.10000000149011612
133,0.0,0.0,Oscoda,109,BioHazard Liner bags 44gallon,100000000,0.10000000149011612
134,0.0,0.0,Presque Isle,123,BioHazard Liner bags 44gallon,100000000,0.10000000149011612
135,0.0,0.0,Roscommon,208,BioHazard Liner bags 44gallon,100000000,0.10000000149011612
136,0.0,0.0,Sanilac,33,BioHazard Liner bags 44gallon,100000000,0.10000000149011612
137,0.0,0.0,Schoolcraft,30,BioHazard Liner bags 44gallon,100000000,0.10000000149011612
138,0.0,0.0,Van Buren,14,BioHazard Liner bags 44gallon,100000000,0.10000000149011612
139,0.0,0.0,Washtenaw,11,BioHazard Liner bags 44gallon,100000000,0.10000000149011612
140,0.0,0.0,Wexford,84,BioHazard Liner bags 44gallon,100000000,0.10000000149011612
141,0.0,0.0,Alcona,43,Blue Solied Linen bags,100000000,0.10000000149011612
142,0.0,0.0,Alger,4,Blue Solied Linen bags,100000000,0.10000000149011612
143,0.0,0.0,Allegan,26,Blue Solied Linen bags,100000000,0.10000000149011612
144,0.0,0.0,Antrim,42,Blue Solied Linen bags,100000000,0.10000000149011612
145,0.0,0.0,Baraga,489,Blue Solied Linen bags,100000000,0.10000000149011612
146,0.0,0.0,Barry,62,Blue Solied Linen bags,100000000,0.10000000149011612
147,0.0,0.0,Benzie,152,Blue Solied Linen bags,100000000,0.10000000149011612
148,0.0,0.0,Delta,60,Blue Solied Linen bags,100000000,0.10000000149011612
149,0.0,0.0,Dickinson,37,Blue Solied Linen bags,100000000,0.10000000149011612
150,0.0,0.0,Eaton,89,Blue Solied Linen bags,100000000,0.10000000149011612
151,0.0,0.0,Emmet,6,Blue Solied Linen bags,100000000,0.10000000149011612
152,0.0,0.0,Gogebic,382,Blue Solied Linen bags,100000000,0.10000000149011612
153,0.0,0.0,Grand Traverse,49,Blue Solied Linen bags,100000000,0.10000000149011612
154,0.0,0.0,Gratiot,6,Blue Solied Linen bags,100000000,0.10000000149011612
155,0.0,0.0,Houghton,43,Blue Solied Linen bags,100000000,0.10000000149011612
156,0.0,0.0,Huron,17,Blue Solied Linen bags,100000000,0.10000000149011612
157,0.0,0.0,Iron,164,Blue Solied Linen bags,100000000,0.10000000149011612
158,0.0,0.0,Isabella,615,Blue Solied Linen bags,100000000,0.10000000149011612
159,0.0,0.0,Kalamazoo,32,Blue Solied Linen bags,100000000,0.10000000149011612
160,0.0,0.0,Kalkaska,979,Blue Solied Linen bags,100000000,0.10000000149011612
161,0.0,0.0,Kent,60,Blue Solied Linen bags,100000000,0.10000000149011612
162,0.0,0.0,Keweenaw,59,Blue Solied Linen bags,100000000,0.10000000149011612
163,0.0,0.0,Lake,100,Blue Solied Linen bags,100000000,0.10000000149011612
164,0.0,0.0,Lapeer,14,Blue Solied Linen bags,100000000,0.10000000149011612
165,0.0,0.0,Leelanau,273,Blue Solied Linen bags,100000000,0.10000000149011612
166,0.0,0.0,Lenawee,24,Blue Solied Linen bags,100000000,0.10000000149011612
167,0.0,0.0,Livingston,285,Blue Solied Linen bags,100000000,0.10000000149011612
168,0.0,0.0,Manistee,30,Blue Solied Linen bags,100000000,0.10000000149011612
169,0.0,0.0,Marquette,154,Blue Solied Linen bags,100000000,0.10000000149011612
170,0.0,0.0,Mason,31,Blue Solied Linen bags,100000000,0.10000000149011612
171,0.0,0.0,Mecosta,2,Blue Solied Linen bags,100000000,0.10000000149011612
172,0.0,0.0,Menominee,26,Blue Solied Linen bags,100000000,0.10000000149011612
173,0.0,0.0,Midland,70,Blue Solied Linen bags,100000000,0.10000000149011612
174,0.0,0.0,Missaukee,57,Blue Solied Linen bags,100000000,0.10000000149011612
175,0.0,0.0,Monroe,16,Blue Solied Linen bags,100000000,0.10000000149011612
176,0.0,0.0,Montcalm,346,Blue Solied Linen bags,100000000,0.10000000149011612
177,0.0,0.0,Oceana,22,Blue Solied Linen bags,100000000,0.10000000149011612
178,0.0,0.0,Ogemaw,304,Blue Solied Linen bags,100000000,0.10000000149011612
179,0.0,0.0,Osceola,2910,Blue Solied Linen bags,100000000,0.10000000149011612
180,0.0,0.0,Oscoda,88,Blue Solied Linen bags,100000000,0.10000000149011612
181,0.0,0.0,Presque Isle,98,Blue Solied Linen bags,100000000,0.10000000149011612
182,0.0,0.0,Roscommon,166,Blue Solied Linen bags,100000000,0.10000000149011612
183,0.0,0.0,Sanilac,26,Blue Solied Linen bags,100000000,0.10000000149011612
184,0.0,0.0,Schoolcraft,24,Blue Solied Linen bags,100000000,0.10000000149011612
185,0.0,0.0,Van Buren,12,Blue Solied Linen bags,100000000,0.10000000149011612
186,0.0,0.0,Washtenaw,9,Blue Solied Linen bags,100000000,0.10000000149011612
187,0.0,0.0,Wexford,68,Blue Solied Linen bags,100000000,0.10000000149011612
188,0.0,0.0,Alcona,27,Disposable foot covers,100000000,0.10000000149011612
189,0.0,0.0,Alger,2,Disposable foot covers,100000000,0.10000000149011612
190,0.0,0.0,Allegan,17,Disposable foot covers,100000000,0.10000000149011612
191,0.0,0.0,Antrim,26,Disposable foot covers,100000000,0.10000000149011612
192,0.0,0.0,Baraga,306,Disposable foot covers,100000000,0.10000000149011612
193,0.0,0.0,Barry,39,Disposable foot covers,100000000,0.10000000149011612
194,0.0,0.0,Benzie,95,Disposable foot covers,100000000,0.10000000149011612
195,0.0,0.0,Delta,38,Disposable foot covers,100000000,0.10000000149011612
196,0.0,0.0,Dickinson,23,Disposable foot covers,100000000,0.10000000149011612
197,0.0,0.0,Eaton,56,Disposable foot covers,100000000,0.10000000149011612
198,0.0,0.0,Emmet,4,Disposable foot covers,100000000,0.10000000149011612
199,0.0,0.0,Gogebic,239,Disposable foot covers,100000000,0.10000000149011612
200,0.0,0.0,Grand Traverse,31,Disposable foot covers,100000000,0.10000000149011612
201,0.0,0.0,Gratiot,4,Disposable foot covers,100000000,0.10000000149011612
202,0.0,0.0,Houghton,27,Disposable foot covers,100000000,0.10000000149011612
203,0.0,0.0,Huron,11,Disposable foot covers,100000000,0.10000000149011612
204,0.0,0.0,Iron,102,Disposable foot covers,100000000,0.10000000149011612
205,0.0,0.0,Isabella,384,Disposable foot covers,100000000,0.10000000149011612
206,0.0,0.0,Kalamazoo,20,Disposable foot covers,100000000,0.10000000149011612
207,0.0,0.0,Kalkaska,612,Disposable foot covers,100000000,0.10000000149011612
208,0.0,0.0,Kent,38,Disposable foot covers,100000000,0.10000000149011612
209,0.0,0.0,Keweenaw,37,Disposable foot covers,100000000,0.10000000149011612
210,0.0,0.0,Lake,62,Disposable foot covers,100000000,0.10000000149011612
211,0.0,0.0,Lapeer,9,Disposable foot covers,100000000,0.10000000149011612
212,0.0,0.0,Leelanau,171,Disposable foot covers,100000000,0.10000000149011612
213,0.0,0.0,Lenawee,15,Disposable foot covers,100000000,0.10000000149011612
214,0.0,0.0,Livingston,178,Disposable foot covers,100000000,0.10000000149011612
215,0.0,0.0,Manistee,19,Disposable foot covers,100000000,0.10000000149011612
216,0.0,0.0,Marquette,96,Disposable foot covers,100000000,0.10000000149011612
217,0.0,0.0,Mason,19,Disposable foot covers,100000000,0.10000000149011612
218,0.0,0.0,Mecosta,1,Disposable foot covers,100000000,0.10000000149011612
219,0.0,0.0,Menominee,16,Disposable foot covers,100000000,0.10000000149011612
220,0.0,0.0,Midland,44,Disposable foot covers,100000000,0.10000000149011612
221,0.0,0.0,Missaukee,36,Disposable foot covers,100000000,0.10000000149011612
222,0.0,0.0,Monroe,10,Disposable foot covers,100000000,0.10000000149011612
223,0.0,0.0,Montcalm,217,Disposable foot covers,100000000,0.10000000149011612
224,0.0,0.0,Oceana,14,Disposable foot covers,100000000,0.10000000149011612
225,0.0,0.0,Ogemaw,190,Disposable foot covers,100000000,0.10000000149011612
226,0.0,0.0,Osceola,1819,Disposable foot covers,100000000,0.10000000149011612
227,0.0,0.0,Oscoda,55,Disposable foot covers,100000000,0.10000000149011612
228,0.0,0.0,Presque Isle,62,Disposable foot covers,100000000,0.10000000149011612
229,0.0,0.0,Roscommon,104,Disposable foot covers,100000000,0.10000000149011612
230,0.0,0.0,Sanilac,17,Disposable foot covers,100000000,0.10000000149011612
231,0.0,0.0,Schoolcraft,15,Disposable foot covers,100000000,0.10000000149011612
232,0.0,0.0,Van Buren,7,Disposable foot covers,100000000,0.10000000149011612
233,0.0,0.0,Washtenaw,6,Disposable foot covers,100000000,0.10000000149011612
234,0.0,0.0,Wexford,42,Disposable foot covers,100000000,0.10000000149011612
235,0.0,0.0,Alcona,161,Face shield,100000000,0.10000000149011612
236,0.0,0.0,Alger,12,Face shield,100000000,0.10000000149011612
237,0.0,0.0,Allegan,98,Face shield,100000000,0.10000000149011612
238,0.0,0.0,Antrim,156,Face shield,100000000,0.10000000149011612
239,0.0,0.0,Baraga,1831,Face shield,100000000,0.10000000149011612
240,0.0,0.0,Barry,232,Face shield,100000000,0.10000000149011612
241,0.0,0.0,Benzie,569,Face shield,100000000,0.10000000149011612
242,0.0,0.0,Delta,223,Face shield,100000000,0.10000000149011612
243,0.0,0.0,Dickinson,136,Face shield,100000000,0.10000000149011612
244,0.0,0.0,Eaton,333,Face shield,100000000,0.10000000149011612
245,0.0,0.0,Emmet,21,Face shield,100000000,0.10000000149011612
246,0.0,0.0,Gogebic,1431,Face shield,100000000,0.10000000149011612
247,0.0,0.0,Grand Traverse,184,Face shield,100000000,0.10000000149011612
248,0.0,0.0,Gratiot,20,Face shield,100000000,0.10000000149011612
249,0.0,0.0,Houghton,159,Face shield,100000000,0.10000000149011612
250,0.0,0.0,Huron,62,Face shield,100000000,0.10000000149011612
251,0.0,0.0,Iron,612,Face shield,100000000,0.10000000149011612
252,0.0,0.0,Isabella,2304,Face shield,100000000,0.10000000149011612
253,0.0,0.0,Kalamazoo,118,Face shield,100000000,0.10000000149011612
254,0.0,0.0,Kalkaska,3669,Face shield,100000000,0.10000000149011612
255,0.0,0.0,Kent,224,Face shield,100000000,0.10000000149011612
256,0.0,0.0,Keweenaw,221,Face shield,100000000,0.10000000149011612
257,0.0,0.0,Lake,372,Face shield,100000000,0.10000000149011612
258,0.0,0.0,Lapeer,52,Face shield,100000000,0.10000000149011612
259,0.0,0.0,Leelanau,1023,Face shield,100000000,0.10000000149011612
260,0.0,0.0,Lenawee,88,Face shield,100000000,0.10000000149011612
261,0.0,0.0,Livingston,1068,Face shield,100000000,0.10000000149011612
262,0.0,0.0,Manistee,110,Face shield,100000000,0.10000000149011612
263,0.0,0.0,Marquette,574,Face shield,100000000,0.10000000149011612
264,0.0,0.0,Mason,114,Face shield,100000000,0.10000000149011612
265,0.0,0.0,Mecosta,5,Face shield,100000000,0.10000000149011612
266,0.0,0.0,Menominee,96,Face shield,100000000,0.10000000149011612
267,0.0,0.0,Midland,263,Face shield,100000000,0.10000000149011612
268,0.0,0.0,Missaukee,212,Face shield,100000000,0.10000000149011612
269,0.0,0.0,Monroe,59,Face shield,100000000,0.10000000149011612
270,0.0,0.0,Montcalm,1298,Face shield,100000000,0.10000000149011612
271,0.0,0.0,Oceana,82,Face shield,100000000,0.10000000149011612
272,0.0,0.0,Ogemaw,1140,Face shield,100000000,0.10000000149011612
273,0.0,0.0,Osceola,10911,Face shield,100000000,0.10000000149011612
274,0.0,0.0,Oscoda,327,Face shield,100000000,0.10000000149011612
275,0.0,0.0,Presque Isle,367,Face shield,100000000,0.10000000149011612
276,0.0,0.0,Roscommon,622,Face shield,100000000,0.10000000149011612
277,0.0,0.0,Sanilac,98,Face shield,100000000,0.10000000149011612
278,0.0,0.0,Schoolcraft,90,Face shield,100000000,0.10000000149011612
279,0.0,0.0,Van Buren,42,Face shield,100000000,0.10000000149011612
280,0.0,0.0,Washtenaw,33,Face shield,100000000,0.10000000149011612
281,0.0,0.0,Wexford,252,Face shield,100000000,0.10000000149011612
282,0.0,0.0,Alcona,54,Gloves,100000000,0.10000000149011612
283,0.0,0.0,Alger,4,Gloves,100000000,0.10000000149011612
284,0.0,0.0,Allegan,33,Gloves,100000000,0.10000000149011612
285,0.0,0.0,Antrim,52,Gloves,100000000,0.10000000149011612
286,0.0,0.0,Baraga,611,Gloves,100000000,0.10000000149011612
287,0.0,0.0,Barry,78,Gloves,100000000,0.10000000149011612
288,0.0,0.0,Benzie,190,Gloves,100000000,0.10000000149011612
289,0.0,0.0,Delta,75,Gloves,100000000,0.10000000149011612
290,0.0,0.0,Dickinson,46,Gloves,100000000,0.10000000149011612
291,0.0,0.0,Eaton,111,Gloves,100000000,0.10000000149011612
292,0.0,0.0,Emmet,7,Gloves,100000000,0.10000000149011612
293,0.0,0.0,Gogebic,477,Gloves,100000000,0.10000000149011612
294,0.0,0.0,Grand Traverse,62,Gloves,100000000,0.10000000149011612
295,0.0,0.0,Gratiot,7,Gloves,100000000,0.10000000149011612
296,0.0,0.0,Houghton,53,Gloves,100000000,0.10000000149011612
297,0.0,0.0,Huron,21,Gloves,100000000,0.10000000149011612
298,0.0,0.0,Iron,204,Gloves,100000000,0.10000000149011612
299,0.0,0.0,Isabella,768,Gloves,100000000,0.10000000149011612
300,0.0,0.0,Kalamazoo,40,Gloves,100000000,0.10000000149011612
301,0.0,0.0,Kalkaska,1223,Gloves,100000000,0.10000000149011612
302,0.0,0.0,Kent,75,Gloves,100000000,0.10000000149011612
303,0.0,0.0,Keweenaw,74,Gloves,100000000,0.10000000149011612
304,0.0,0.0,Lake,124,Gloves,100000000,0.10000000149011612
305,0.0,0.0,Lapeer,18,Gloves,100000000,0.10000000149011612
306,0.0,0.0,Leelanau,341,Gloves,100000000,0.10000000149011612
307,0.0,0.0,Lenawee,30,Gloves,100000000,0.10000000149011612
308,0.0,0.0,Livingston,356,Gloves,100000000,0.10000000149011612
309,0.0,0.0,Manistee,37,Gloves,100000000,0.10000000149011612
310,0.0,0.0,Marquette,192,Gloves,100000000,0.10000000149011612
311,0.0,0.0,Mason,38,Gloves,100000000,0.10000000149011612
312,0.0,0.0,Mecosta,2,Gloves,100000000,0.10000000149011612
313,0.0,0.0,Menominee,32,Gloves,100000000,0.10000000149011612
314,0.0,0.0,Midland,88,Gloves,100000000,0.10000000149011612
315,0.0,0.0,Missaukee,71,Gloves,100000000,0.10000000149011612
316,0.0,0.0,Monroe,20,Gloves,100000000,0.10000000149011612
317,0.0,0.0,Montcalm,433,Gloves,100000000,0.10000000149011612
318,0.0,0.0,Oceana,28,Gloves,100000000,0.10000000149011612
319,0.0,0.0,Ogemaw,380,Gloves,100000000,0.10000000149011612
320,0.0,0.0,Osceola,3637,Gloves,100000000,0.10000000149011612
321,0.0,0.0,Oscoda,109,Gloves,100000000,0.10000000149011612
322,0.0,0.0,Presque Isle,123,Gloves,100000000,0.10000000149011612
323,0.0,0.0,Roscommon,208,Gloves,100000000,0.10000000149011612
324,0.0,0.0,Sanilac,33,Gloves,100000000,0.10000000149011612
325,0.0,0.0,Schoolcraft,30,Gloves,100000000,0.10000000149011612
326,0.0,0.0,Van Buren,14,Gloves,100000000,0.10000000149011612
327,0.0,0.0,Washtenaw,11,Gloves,100000000,0.10000000149011612
328,0.0,0.0,Wexford,84,Gloves,100000000,0.10000000149011612
329,0.0,0.0,Alcona,536,Goggles protective,100000000,0.10000000149011612
330,0.0,0.0,Alger,39,Goggles protective,100000000,0.10000000149011612
331,0.0,0.0,Allegan,325,Goggles protective,100000000,0.10000000149011612
332,0.0,0.0,Antrim,518,Goggles protective,100000000,0.10000000149011612
333,0.0,0.0,Baraga,6102,Goggles protective,100000000,0.10000000149011612
334,0.0,0.0,Barry,772,Goggles protective,100000000,0.10000000149011612
335,0.0,0.0,Benzie,1896,Goggles protective,100000000,0.10000000149011612
336,0.0,0.0,Delta,741,Goggles protective,100000000,0.10000000149011612
337,0.0,0.0,Dickinson,452,Goggles protective,100000000,0.10000000149011612
338,0.0,0.0,Eaton,1109,Goggles protective,100000000,0.10000000149011612
339,0.0,0.0,Emmet,69,Goggles protective,100000000,0.10000000149011612
340,0.0,0.0,Gogebic,4768,Goggles protective,100000000,0.10000000149011612
341,0.0,0.0,Grand Traverse,612,Goggles protective,100000000,0.10000000149011612
342,0.0,0.0,Gratiot,64,Goggles protective,100000000,0.10000000149011612
343,0.0,0.0,Houghton,530,Goggles protective,100000000,0.10000000149011612
344,0.0,0.0,Huron,206,Goggles protective,100000000,0.10000000149011612
345,0.0,0.0,Iron,2038,Goggles protective,100000000,0.10000000149011612
346,0.0,0.0,Isabella,7677,Goggles protective,100000000,0.10000000149011612
347,0.0,0.0,Kalamazoo,392,Goggles protective,100000000,0.10000000149011612
348,0.0,0.0,Kalkaska,12228,Goggles protective,100000000,0.10000000149011612
349,0.0,0.0,Kent,746,Goggles protective,100000000,0.10000000149011612
350,0.0,0.0,Keweenaw,734,Goggles protective,100000000,0.10000000149011612
351,0.0,0.0,Lake,1238,Goggles protective,100000000,0.10000000149011612
352,0.0,0.0,Lapeer,172,Goggles protective,100000000,0.10000000149011612
353,0.0,0.0,Leelanau,3408,Goggles protective,100000000,0.10000000149011612
354,0.0,0.0,Lenawee,292,Goggles protective,100000000,0.10000000149011612
355,0.0,0.0,Livingston,3560,Goggles protective,100000000,0.10000000149011612
356,0.0,0.0,Manistee,364,Goggles protective,100000000,0.10000000149011612
357,0.0,0.0,Marquette,1913,Goggles protective,100000000,0.10000000149011612
358,0.0,0.0,Mason,378,Goggles protective,100000000,0.10000000149011612
359,0.0,0.0,Mecosta,14,Goggles protective,100000000,0.10000000149011612
360,0.0,0.0,Menominee,320,Goggles protective,100000000,0.10000000149011612
361,0.0,0.0,Midland,875,Goggles protective,100000000,0.10000000149011612
362,0.0,0.0,Missaukee,704,Goggles protective,100000000,0.10000000149011612
363,0.0,0.0,Monroe,196,Goggles protective,100000000,0.10000000149011612
364,0.0,0.0,Montcalm,4324,Goggles protective,100000000,0.10000000149011612
365,0.0,0.0,Oceana,273,Goggles protective,100000000,0.10000000149011612
366,0.0,0.0,Ogemaw,3797,Goggles protective,100000000,0.10000000149011612
367,0.0,0.0,Osceola,36370,Goggles protective,100000000,0.10000000149011612
368,0.0,0.0,Oscoda,1090,Goggles protective,100000000,0.10000000149011612
369,0.0,0.0,Presque Isle,1222,Goggles protective,100000000,0.10000000149011612
370,0.0,0.0,Roscommon,2072,Goggles protective,100000000,0.10000000149011612
371,0.0,0.0,Sanilac,324,Goggles protective,100000000,0.10000000149011612
372,0.0,0.0,Schoolcraft,298,Goggles protective,100000000,0.10000000149011612
373,0.0,0.0,Van Buren,138,Goggles protective,100000000,0.10000000149011612
374,0.0,0.0,Washtenaw,110,Goggles protective,100000000,0.10000000149011612
375,0.0,0.0,Wexford,839,Goggles protective,100000000,0.10000000149011612
376,0.0,0.0,Alcona,536,Gown protective,100000000,0.10000000149011612
377,0.0,0.0,Alger,39,Gown protective,100000000,0.10000000149011612
378,0.0,0.0,Allegan,325,Gown protective,100000000,0.10000000149011612
379,0.0,0.0,Antrim,518,Gown protective,100000000,0.10000000149011612
380,0.0,0.0,Baraga,6102,Gown protective,100000000,0.10000000149011612
381,0.0,0.0,Barry,772,Gown protective,100000000,0.10000000149011612
382,0.0,0.0,Benzie,1896,Gown protective,100000000,0.10000000149011612
383,0.0,0.0,Delta,741,Gown protective,100000000,0.10000000149011612
384,0.0,0.0,Dickinson,452,Gown protective,100000000,0.10000000149011612
385,0.0,0.0,Eaton,1109,Gown protective,100000000,0.10000000149011612
386,0.0,0.0,Emmet,69,Gown protective,100000000,0.10000000149011612
387,0.0,0.0,Gogebic,4768,Gown protective,100000000,0.10000000149011612
388,0.0,0.0,Grand Traverse,612,Gown protective,100000000,0.10000000149011612
389,0.0,0.0,Gratiot,64,Gown protective,100000000,0.10000000149011612
390,0.0,0.0,Houghton,530,Gown protective,100000000,0.10000000149011612
391,0.0,0.0,Huron,206,Gown protective,100000000,0.10000000149011612
392,0.0,0.0,Iron,2038,Gown protective,100000000,0.10000000149011612
393,0.0,0.0,Isabella,7677,Gown protective,100000000,0.10000000149011612
394,0.0,0.0,Kalamazoo,392,Gown protective,100000000,0.10000000149011612
395,0.0,0.0,Kalkaska,12228,Gown protective,100000000,0.10000000149011612
396,0.0,0.0,Kent,746,Gown protective,100000000,0.10000000149011612
397,0.0,0.0,Keweenaw,734,Gown protective,100000000,0.10000000149011612
398,0.0,0.0,Lake,1238,Gown protective,100000000,0.10000000149011612
399,0.0,0.0,Lapeer,172,Gown protective,100000000,0.10000000149011612
400,0.0,0.0,Leelanau,3408,Gown protective,100000000,0.10000000149011612
401,0.0,0.0,Lenawee,292,Gown protective,100000000,0.10000000149011612
402,0.0,0.0,Livingston,3560,Gown protective,100000000,0.10000000149011612
403,0.0,0.0,Manistee,364,Gown protective,100000000,0.10000000149011612
404,0.0,0.0,Marquette,1913,Gown protective,100000000,0.10000000149011612
405,0.0,0.0,Mason,378,Gown protective,100000000,0.10000000149011612
406,0.0,0.0,Mecosta,14,Gown protective,100000000,0.10000000149011612
407,0.0,0.0,Menominee,320,Gown protective,100000000,0.10000000149011612
408,0.0,0.0,Midland,875,Gown protective,100000000,0.10000000149011612
409,0.0,0.0,Missaukee,704,Gown protective,100000000,0.10000000149011612
410,0.0,0.0,Monroe,196,Gown protective,100000000,0.10000000149011612
411,0.0,0.0,Montcalm,4324,Gown protective,100000000,0.10000000149011612
412,0.0,0.0,Oceana,273,Gown protective,100000000,0.10000000149011612
413,0.0,0.0,Ogemaw,3797,Gown protective,100000000,0.10000000149011612
414,0.0,0.0,Osceola,36370,Gown protective,100000000,0.10000000149011612
415,0.0,0.0,Oscoda,1090,Gown protective,100000000,0.10000000149011612
416,0.0,0.0,Presque Isle,1222,Gown protective,100000000,0.10000000149011612
417,0.0,0.0,Roscommon,2072,Gown protective,100000000,0.10000000149011612
418,0.0,0.0,Sanilac,324,Gown protective,100000000,0.10000000149011612
419,0.0,0.0,Schoolcraft,298,Gown protective,100000000,0.10000000149011612
420,0.0,0.0,Van Buren,138,Gown protective,100000000,0.10000000149011612
421,0.0,0.0,Washtenaw,110,Gown protective,100000000,0.10000000149011612
422,0.0,0.0,Wexford,839,Gown protective,100000000,0.10000000149011612
423,14.0,1.0,Alcona,161,InvasiveVentilators,100000000,0.10000000149011612
424,1.0,1.0,Alger,12,InvasiveVentilators,100000000,0.10000000149011612
425,8.0,1.0,Allegan,98,InvasiveVentilators,100000000,0.10000000149011612
426,13.0,1.0,Antrim,156,InvasiveVentilators,100000000,0.10000000149011612
427,155.0,1.0,Baraga,1831,InvasiveVentilators,100000000,0.10000000149011612
428,20.0,1.0,Barry,232,InvasiveVentilators,100000000,0.10000000149011612
429,48.0,1.0,Benzie,569,InvasiveVentilators,100000000,0.10000000149011612
430,19.0,1.0,Delta,223,InvasiveVentilators,100000000,0.10000000149011612
431,11.0,1.0,Dickinson,136,InvasiveVentilators,100000000,0.10000000149011612
432,28.0,1.0,Eaton,333,InvasiveVentilators,100000000,0.10000000149011612
433,2.0,1.0,Emmet,21,InvasiveVentilators,100000000,0.10000000149011612
434,121.0,1.0,Gogebic,1431,InvasiveVentilators,100000000,0.10000000149011612
435,16.0,1.0,Grand Traverse,184,InvasiveVentilators,100000000,0.10000000149011612
436,2.0,1.0,Gratiot,20,InvasiveVentilators,100000000,0.10000000149011612
437,13.0,1.0,Houghton,159,InvasiveVentilators,100000000,0.10000000149011612
438,5.0,1.0,Huron,62,InvasiveVentilators,100000000,0.10000000149011612
439,52.0,1.0,Iron,612,InvasiveVentilators,100000000,0.10000000149011612
440,195.0,1.0,Isabella,2304,InvasiveVentilators,100000000,0.10000000149011612
441,10.0,1.0,Kalamazoo,118,InvasiveVentilators,100000000,0.10000000149011612
442,310.0,1.0,Kalkaska,3669,InvasiveVentilators,100000000,0.10000000149011612
443,19.0,1.0,Kent,224,InvasiveVentilators,100000000,0.10000000149011612
444,19.0,1.0,Keweenaw,221,InvasiveVentilators,100000000,0.10000000149011612
445,31.0,1.0,Lake,372,InvasiveVentilators,100000000,0.10000000149011612
446,4.0,1.0,Lapeer,52,InvasiveVentilators,100000000,0.10000000149011612
447,86.0,1.0,Leelanau,1023,InvasiveVentilators,100000000,0.10000000149011612
448,7.0,1.0,Lenawee,88,InvasiveVentilators,100000000,0.10000000149011612
449,90.0,1.0,Livingston,1068,InvasiveVentilators,100000000,0.10000000149011612
450,9.0,1.0,Manistee,110,InvasiveVentilators,100000000,0.10000000149011612
451,49.0,1.0,Marquette,574,InvasiveVentilators,100000000,0.10000000149011612
452,10.0,1.0,Mason,114,InvasiveVentilators,100000000,0.10000000149011612
453,0.0,0.0,Mecosta,5,InvasiveVentilators,100000000,0.10000000149011612
454,8.0,1.0,Menominee,96,InvasiveVentilators,100000000,0.10000000149011612
455,22.0,1.0,Midland,263,InvasiveVentilators,100000000,0.10000000149011612
456,18.0,1.0,Missaukee,212,InvasiveVentilators,100000000,0.10000000149011612
457,5.0,1.0,Monroe,59,InvasiveVentilators,100000000,0.10000000149011612
458,110.0,1.0,Montcalm,1298,InvasiveVentilators,100000000,0.10000000149011612
459,7.0,1.0,Oceana,82,InvasiveVentilators,100000000,0.10000000149011612
460,96.0,1.0,Ogemaw,1140,InvasiveVentilators,100000000,0.10000000149011612
461,922.0,1.0,Osceola,10911,InvasiveVentilators,100000000,0.10000000149011612
462,28.0,1.0,Oscoda,327,InvasiveVentilators,100000000,0.10000000149011612
463,31.0,1.0,Presque Isle,367,InvasiveVentilators,100000000,0.10000000149011612
464,53.0,1.0,Roscommon,622,InvasiveVentilators,100000000,0.10000000149011612
465,8.0,1.0,Sanilac,98,InvasiveVentilators,100000000,0.10000000149011612
466,8.0,1.0,Schoolcraft,90,InvasiveVentilators,100000000,0.10000000149011612
467,4.0,1.0,Van Buren,42,InvasiveVentilators,100000000,0.10000000149011612
468,3.0,1.0,Washtenaw,33,InvasiveVentilators,100000000,0.10000000149011612
469,21.0,1.0,Wexford,252,InvasiveVentilators,100000000,0.10000000149011612
470,45.0,1.0,Alcona,536,IV Catheters,100000000,0.10000000149011612
471,3.0,1.0,Alger,39,IV Catheters,100000000,0.10000000149011612
472,27.0,1.0,Allegan,325,IV Catheters,100000000,0.10000000149011612
473,44.0,1.0,Antrim,518,IV Catheters,100000000,0.10000000149011612
474,516.0,1.0,Baraga,6102,IV Catheters,100000000,0.10000000149011612
475,65.0,1.0,Barry,772,IV Catheters,100000000,0.10000000149011612
476,160.0,1.0,Benzie,1896,IV Catheters,100000000,0.10000000149011612
477,63.0,1.0,Delta,741,IV Catheters,100000000,0.10000000149011612
478,38.0,1.0,Dickinson,452,IV Catheters,100000000,0.10000000149011612
479,94.0,1.0,Eaton,1109,IV Catheters,100000000,0.10000000149011612
480,6.0,1.0,Emmet,69,IV Catheters,100000000,0.10000000149011612
481,403.0,1.0,Gogebic,4768,IV Catheters,100000000,0.10000000149011612
482,52.0,1.0,Grand Traverse,612,IV Catheters,100000000,0.10000000149011612
483,5.0,1.0,Gratiot,64,IV Catheters,100000000,0.10000000149011612
484,45.0,1.0,Houghton,530,IV Catheters,100000000,0.10000000149011612
485,17.0,1.0,Huron,206,IV Catheters,100000000,0.10000000149011612
486,172.0,1.0,Iron,2038,IV Catheters,100000000,0.10000000149011612
487,649.0,1.0,Isabella,7677,IV Catheters,100000000,0.10000000149011612
488,33.0,1.0,Kalamazoo,392,IV Catheters,100000000,0.10000000149011612
489,1034.0,1.0,Kalkaska,12228,IV Catheters,100000000,0.10000000149011612
490,63.0,1.0,Kent,746,IV Catheters,100000000,0.10000000149011612
491,62.0,1.0,Keweenaw,734,IV Catheters,100000000,0.10000000149011612
492,105.0,1.0,Lake,1238,IV Catheters,100000000,0.10000000149011612
493,15.0,1.0,Lapeer,172,IV Catheters,100000000,0.10000000149011612
494,288.0,1.0,Leelanau,3408,IV Catheters,100000000,0.10000000149011612
495,25.0,1.0,Lenawee,292,IV Catheters,100000000,0.10000000149011612
496,301.0,1.0,Livingston,3560,IV Catheters,100000000,0.10000000149011612
497,31.0,1.0,Manistee,364,IV Catheters,100000000,0.10000000149011612
498,162.0,1.0,Marquette,1913,IV Catheters,100000000,0.10000000149011612
499,32.0,1.0,Mason,378,IV Catheters,100000000,0.10000000149011612
500,1.0,1.0,Mecosta,14,IV Catheters,100000000,0.10000000149011612
501,27.0,1.0,Menominee,320,IV Catheters,100000000,0.10000000149011612
502,74.0,1.0,Midland,875,IV Catheters,100000000,0.10000000149011612
503,60.0,1.0,Missaukee,704,IV Catheters,100000000,0.10000000149011612
504,17.0,1.0,Monroe,196,IV Catheters,100000000,0.10000000149011612
505,366.0,1.0,Montcalm,4324,IV Catheters,100000000,0.10000000149011612
506,23.0,1.0,Oceana,273,IV Catheters,100000000,0.10000000149011612
507,321.0,1.0,Ogemaw,3797,IV Catheters,100000000,0.10000000149011612
508,3075.0,1.0,Osceola,36370,IV Catheters,100000000,0.10000000149011612
509,92.0,1.0,Oscoda,1090,IV Catheters,100000000,0.10000000149011612
510,103.0,1.0,Presque Isle,1222,IV Catheters,100000000,0.10000000149011612
511,175.0,1.0,Roscommon,2072,IV Catheters,100000000,0.10000000149011612
512,27.0,1.0,Sanilac,324,IV Catheters,100000000,0.10000000149011612
513,25.0,1.0,Schoolcraft,298,IV Catheters,100000000,0.10000000149011612
514,12.0,1.0,Van Buren,138,IV Catheters,100000000,0.10000000149011612
515,9.0,1.0,Washtenaw,110,IV Catheters,100000000,0.10000000149011612
516,71.0,1.0,Wexford,839,IV Catheters,100000000,0.10000000149011612
517,45.0,1.0,Alcona,536,Lab extraction kit,100000000,0.10000000149011612
518,3.0,1.0,Alger,39,Lab extraction kit,100000000,0.10000000149011612
519,27.0,1.0,Allegan,325,Lab extraction kit,100000000,0.10000000149011612
520,44.0,1.0,Antrim,518,Lab extraction kit,100000000,0.10000000149011612
521,516.0,1.0,Baraga,6102,Lab extraction kit,100000000,0.10000000149011612
522,65.0,1.0,Barry,772,Lab extraction kit,100000000,0.10000000149011612
523,160.0,1.0,Benzie,1896,Lab extraction kit,100000000,0.10000000149011612
524,63.0,1.0,Delta,741,Lab extraction kit,100000000,0.10000000149011612
525,38.0,1.0,Dickinson,452,Lab extraction kit,100000000,0.10000000149011612
526,94.0,1.0,Eaton,1109,Lab extraction kit,100000000,0.10000000149011612
527,6.0,1.0,Emmet,69,Lab extraction kit,100000000,0.10000000149011612
528,403.0,1.0,Gogebic,4768,Lab extraction kit,100000000,0.10000000149011612
529,52.0,1.0,Grand Traverse,612,Lab extraction kit,100000000,0.10000000149011612
530,5.0,1.0,Gratiot,64,Lab extraction kit,100000000,0.10000000149011612
531,45.0,1.0,Houghton,530,Lab extraction kit,100000000,0.10000000149011612
532,17.0,1.0,Huron,206,Lab extraction kit,100000000,0.10000000149011612
533,172.0,1.0,Iron,2038,Lab extraction kit,100000000,0.10000000149011612
534,649.0,1.0,Isabella,7677,Lab extraction kit,100000000,0.10000000149011612
535,33.0,1.0,Kalamazoo,392,Lab extraction kit,100000000,0.10000000149011612
536,1034.0,1.0,Kalkaska,12228,Lab extraction kit,100000000,0.10000000149011612
537,63.0,1.0,Kent,746,Lab extraction kit,100000000,0.10000000149011612
538,62.0,1.0,Keweenaw,734,Lab extraction kit,100000000,0.10000000149011612
539,105.0,1.0,Lake,1238,Lab extraction kit,100000000,0.10000000149011612
540,15.0,1.0,Lapeer,172,Lab extraction kit,100000000,0.10000000149011612
541,288.0,1.0,Leelanau,3408,Lab extraction kit,100000000,0.10000000149011612
542,25.0,1.0,Lenawee,292,Lab extraction kit,100000000,0.10000000149011612
543,301.0,1.0,Livingston,3560,Lab extraction kit,100000000,0.10000000149011612
544,31.0,1.0,Manistee,364,Lab extraction kit,100000000,0.10000000149011612
545,162.0,1.0,Marquette,1913,Lab extraction kit,100000000,0.10000000149011612
546,32.0,1.0,Mason,378,Lab extraction kit,100000000,0.10000000149011612
547,1.0,1.0,Mecosta,14,Lab extraction kit,100000000,0.10000000149011612
548,27.0,1.0,Menominee,320,Lab extraction kit,100000000,0.10000000149011612
549,74.0,1.0,Midland,875,Lab extraction kit,100000000,0.10000000149011612
550,60.0,1.0,Missaukee,704,Lab extraction kit,100000000,0.10000000149011612
551,17.0,1.0,Monroe,196,Lab extraction kit,100000000,0.10000000149011612
552,366.0,1.0,Montcalm,4324,Lab extraction kit,100000000,0.10000000149011612
553,23.0,1.0,Oceana,273,Lab extraction kit,100000000,0.10000000149011612
554,321.0,1.0,Ogemaw,3797,Lab extraction kit,100000000,0.10000000149011612
555,3075.0,1.0,Osceola,36370,Lab extraction kit,100000000,0.10000000149011612
556,92.0,1.0,Oscoda,1090,Lab extraction kit,100000000,0.10000000149011612
557,103.0,1.0,Presque Isle,1222,Lab extraction kit,100000000,0.10000000149011612
558,175.0,1.0,Roscommon,2072,Lab extraction kit,100000000,0.10000000149011612
559,27.0,1.0,Sanilac,324,Lab extraction kit,100000000,0.10000000149011612
560,25.0,1.0,Schoolcraft,298,Lab extraction kit,100000000,0.10000000149011612
561,12.0,1.0,Van Buren,138,Lab extraction kit,100000000,0.10000000149011612
562,9.0,1.0,Washtenaw,110,Lab extraction kit,100000000,0.10000000149011612
563,71.0,1.0,Wexford,839,Lab extraction kit,100000000,0.10000000149011612
564,45.0,1.0,Alcona,536,Lab screening test kit,100000000,0.10000000149011612
565,3.0,1.0,Alger,39,Lab screening test kit,100000000,0.10000000149011612
566,27.0,1.0,Allegan,325,Lab screening test kit,100000000,0.10000000149011612
567,44.0,1.0,Antrim,518,Lab screening test kit,100000000,0.10000000149011612
568,516.0,1.0,Baraga,6102,Lab screening test kit,100000000,0.10000000149011612
569,65.0,1.0,Barry,772,Lab screening test kit,100000000,0.10000000149011612
570,160.0,1.0,Benzie,1896,Lab screening test kit,100000000,0.10000000149011612
571,63.0,1.0,Delta,741,Lab screening test kit,100000000,0.10000000149011612
572,38.0,1.0,Dickinson,452,Lab screening test kit,100000000,0.10000000149011612
573,94.0,1.0,Eaton,1109,Lab screening test kit,100000000,0.10000000149011612
574,6.0,1.0,Emmet,69,Lab screening test kit,100000000,0.10000000149011612
575,403.0,1.0,Gogebic,4768,Lab screening test kit,100000000,0.10000000149011612
576,52.0,1.0,Grand Traverse,612,Lab screening test kit,100000000,0.10000000149011612
577,5.0,1.0,Gratiot,64,Lab screening test kit,100000000,0.10000000149011612
578,45.0,1.0,Houghton,530,Lab screening test kit,100000000,0.10000000149011612
579,17.0,1.0,Huron,206,Lab screening test kit,100000000,0.10000000149011612
580,172.0,1.0,Iron,2038,Lab screening test kit,100000000,0.10000000149011612
581,649.0,1.0,Isabella,7677,Lab screening test kit,100000000,0.10000000149011612
582,33.0,1.0,Kalamazoo,392,Lab screening test kit,100000000,0.10000000149011612
583,1034.0,1.0,Kalkaska,12228,Lab screening test kit,100000000,0.10000000149011612
584,63.0,1.0,Kent,746,Lab screening test kit,100000000,0.10000000149011612
585,62.0,1.0,Keweenaw,734,Lab screening test kit,100000000,0.10000000149011612
586,105.0,1.0,Lake,1238,Lab screening test kit,100000000,0.10000000149011612
587,15.0,1.0,Lapeer,172,Lab screening test kit,100000000,0.10000000149011612
588,288.0,1.0,Leelanau,3408,Lab screening test kit,100000000,0.10000000149011612
589,25.0,1.0,Lenawee,292,Lab screening test kit,100000000,0.10000000149011612
590,301.0,1.0,Livingston,3560,Lab screening test kit,100000000,0.10000000149011612
591,31.0,1.0,Manistee,364,Lab screening test kit,100000000,0.10000000149011612
592,162.0,1.0,Marquette,1913,Lab screening test kit,100000000,0.10000000149011612
593,32.0,1.0,Mason,378,Lab screening test kit,100000000,0.10000000149011612
594,1.0,1.0,Mecosta,14,Lab screening test kit,100000000,0.10000000149011612
595,27.0,1.0,Menominee,320,Lab screening test kit,100000000,0.10000000149011612
596,74.0,1.0,Midland,875,Lab screening test kit,100000000,0.10000000149011612
597,60.0,1.0,Missaukee,704,Lab screening test kit,100000000,0.10000000149011612
598,17.0,1.0,Monroe,196,Lab screening test kit,100000000,0.10000000149011612
599,366.0,1.0,Montcalm,4324,Lab screening test kit,100000000,0.10000000149011612
600,23.0,1.0,Oceana,273,Lab screening test kit,100000000,0.10000000149011612
601,321.0,1.0,Ogemaw,3797,Lab screening test kit,100000000,0.10000000149011612
602,3075.0,1.0,Osceola,36370,Lab screening test kit,100000000,0.10000000149011612
603,92.0,1.0,Oscoda,1090,Lab screening test kit,100000000,0.10000000149011612
604,103.0,1.0,Presque Isle,1222,Lab screening test kit,100000000,0.10000000149011612
605,175.0,1.0,Roscommon,2072,Lab screening test kit,100000000,0.10000000149011612
606,27.0,1.0,Sanilac,324,Lab screening test kit,100000000,0.10000000149011612
607,25.0,1.0,Schoolcraft,298,Lab screening test kit,100000000,0.10000000149011612
608,12.0,1.0,Van Buren,138,Lab screening test kit,100000000,0.10000000149011612
609,9.0,1.0,Washtenaw,110,Lab screening test kit,100000000,0.10000000149011612
610,71.0,1.0,Wexford,839,Lab screening test kit,100000000,0.10000000149011612
611,0.0,0.0,Alcona,268,Liquid soap,100000000,0.10000000149011612
612,0.0,0.0,Alger,20,Liquid soap,100000000,0.10000000149011612
613,0.0,0.0,Allegan,163,Liquid soap,100000000,0.10000000149011612
614,0.0,0.0,Antrim,259,Liquid soap,100000000,0.10000000149011612
615,0.0,0.0,Baraga,3051,Liquid soap,100000000,0.10000000149011612
616,0.0,0.0,Barry,386,Liquid soap,100000000,0.10000000149011612
617,0.0,0.0,Benzie,948,Liquid soap,100000000,0.10000000149011612
618,0.0,0.0,Delta,371,Liquid soap,100000000,0.10000000149011612
619,0.0,0.0,Dickinson,226,Liquid soap,100000000,0.10000000149011612
620,0.0,0.0,Eaton,555,Liquid soap,100000000,0.10000000149011612
621,0.0,0.0,Emmet,35,Liquid soap,100000000,0.10000000149011612
622,0.0,0.0,Gogebic,2384,Liquid soap,100000000,0.10000000149011612
623,0.0,0.0,Grand Traverse,306,Liquid soap,100000000,0.10000000149011612
624,0.0,0.0,Gratiot,32,Liquid soap,100000000,0.10000000149011612
625,0.0,0.0,Houghton,265,Liquid soap,100000000,0.10000000149011612
626,0.0,0.0,Huron,103,Liquid soap,100000000,0.10000000149011612
627,0.0,0.0,Iron,1019,Liquid soap,100000000,0.10000000149011612
628,0.0,0.0,Isabella,3839,Liquid soap,100000000,0.10000000149011612
629,0.0,0.0,Kalamazoo,196,Liquid soap,100000000,0.10000000149011612
630,0.0,0.0,Kalkaska,6114,Liquid soap,100000000,0.10000000149011612
631,0.0,0.0,Kent,373,Liquid soap,100000000,0.10000000149011612
632,0.0,0.0,Keweenaw,367,Liquid soap,100000000,0.10000000149011612
633,0.0,0.0,Lake,619,Liquid soap,100000000,0.10000000149011612
634,0.0,0.0,Lapeer,86,Liquid soap,100000000,0.10000000149011612
635,0.0,0.0,Leelanau,1704,Liquid soap,100000000,0.10000000149011612
636,0.0,0.0,Lenawee,146,Liquid soap,100000000,0.10000000149011612
637,0.0,0.0,Livingston,1780,Liquid soap,100000000,0.10000000149011612
638,0.0,0.0,Manistee,182,Liquid soap,100000000,0.10000000149011612
639,0.0,0.0,Marquette,957,Liquid soap,100000000,0.10000000149011612
640,0.0,0.0,Mason,189,Liquid soap,100000000,0.10000000149011612
641,0.0,0.0,Mecosta,7,Liquid soap,100000000,0.10000000149011612
642,0.0,0.0,Menominee,160,Liquid soap,100000000,0.10000000149011612
643,0.0,0.0,Midland,438,Liquid soap,100000000,0.10000000149011612
644,0.0,0.0,Missaukee,352,Liquid soap,100000000,0.10000000149011612
645,0.0,0.0,Monroe,98,Liquid soap,100000000,0.10000000149011612
646,0.0,0.0,Montcalm,2162,Liquid soap,100000000,0.10000000149011612
647,0.0,0.0,Oceana,137,Liquid soap,100000000,0.10000000149011612
648,0.0,0.0,Ogemaw,1899,Liquid soap,100000000,0.10000000149011612
649,0.0,0.0,Osceola,18185,Liquid soap,100000000,0.10000000149011612
650,0.0,0.0,Oscoda,545,Liquid soap,100000000,0.10000000149011612
651,0.0,0.0,Presque Isle,611,Liquid soap,100000000,0.10000000149011612
652,0.0,0.0,Roscommon,1036,Liquid soap,100000000,0.10000000149011612
653,0.0,0.0,Sanilac,162,Liquid soap,100000000,0.10000000149011612
654,0.0,0.0,Schoolcraft,149,Liquid soap,100000000,0.10000000149011612
655,0.0,0.0,Van Buren,69,Liquid soap,100000000,0.10000000149011612
656,0.0,0.0,Washtenaw,55,Liquid soap,100000000,0.10000000149011612
657,0.0,0.0,Wexford,420,Liquid soap,100000000,0.10000000149011612
658,45.0,1.0,Alcona,536,M4 viral media,100000000,0.10000000149011612
659,3.0,1.0,Alger,39,M4 viral media,100000000,0.10000000149011612
660,27.0,1.0,Allegan,325,M4 viral media,100000000,0.10000000149011612
661,44.0,1.0,Antrim,518,M4 viral media,100000000,0.10000000149011612
662,516.0,1.0,Baraga,6102,M4 viral media,100000000,0.10000000149011612
663,65.0,1.0,Barry,772,M4 viral media,100000000,0.10000000149011612
664,160.0,1.0,Benzie,1896,M4 viral media,100000000,0.10000000149011612
665,63.0,1.0,Delta,741,M4 viral media,100000000,0.10000000149011612
666,38.0,1.0,Dickinson,452,M4 viral media,100000000,0.10000000149011612
667,94.0,1.0,Eaton,1109,M4 viral media,100000000,0.10000000149011612
668,6.0,1.0,Emmet,69,M4 viral media,100000000,0.10000000149011612
669,403.0,1.0,Gogebic,4768,M4 viral media,100000000,0.10000000149011612
670,52.0,1.0,Grand Traverse,612,M4 viral media,100000000,0.10000000149011612
671,5.0,1.0,Gratiot,64,M4 viral media,100000000,0.10000000149011612
672,45.0,1.0,Houghton,530,M4 viral media,100000000,0.10000000149011612
673,17.0,1.0,Huron,206,M4 viral media,100000000,0.10000000149011612
674,172.0,1.0,Iron,2038,M4 viral media,100000000,0.10000000149011612
675,649.0,1.0,Isabella,7677,M4 viral media,100000000,0.10000000149011612
676,33.0,1.0,Kalamazoo,392,M4 viral media,100000000,0.10000000149011612
677,1034.0,1.0,Kalkaska,12228,M4 viral media,100000000,0.10000000149011612
678,63.0,1.0,Kent,746,M4 viral media,100000000,0.10000000149011612
679,62.0,1.0,Keweenaw,734,M4 viral media,100000000,0.10000000149011612
680,105.0,1.0,Lake,1238,M4 viral media,100000000,0.10000000149011612
681,15.0,1.0,Lapeer,172,M4 viral media,100000000,0.10000000149011612
682,288.0,1.0,Leelanau,3408,M4 viral media,100000000,0.10000000149011612
683,25.0,1.0,Lenawee,292,M4 viral media,100000000,0.10000000149011612
684,301.0,1.0,Livingston,3560,M4 viral media,100000000,0.10000000149011612
685,31.0,1.0,Manistee,364,M4 viral media,100000000,0.10000000149011612
686,162.0,1.0,Marquette,1913,M4 viral media,100000000,0.10000000149011612
687,32.0,1.0,Mason,378,M4 viral media,100000000,0.10000000149011612
688,1.0,1.0,Mecosta,14,M4 viral media,100000000,0.10000000149011612
689,27.0,1.0,Menominee,320,M4 viral media,100000000,0.10000000149011612
690,74.0,1.0,Midland,875,M4 viral media,100000000,0.10000000149011612
691,60.0,1.0,Missaukee,704,M4 viral media,100000000,0.10000000149011612
692,17.0,1.0,Monroe,196,M4 viral media,100000000,0.10000000149011612
693,366.0,1.0,Montcalm,4324,M4 viral media,100000000,0.10000000149011612
694,23.0,1.0,Oceana,273,M4 viral media,100000000,0.10000000149011612
695,321.0,1.0,Ogemaw,3797,M4 viral media,100000000,0.10000000149011612
696,30562.0,1.0,Osceola,36370,M4 viral media,100000000,0.10000000149011612
697,92.0,1.0,Oscoda,1090,M4 viral media,100000000,0.10000000149011612
698,103.0,1.0,Presque Isle,1222,M4 viral media,100000000,0.10000000149011612
699,175.0,1.0,Roscommon,2072,M4 viral media,100000000,0.10000000149011612
700,27.0,1.0,Sanilac,324,M4 viral media,100000000,0.10000000149011612
701,25.0,1.0,Schoolcraft,298,M4 viral media,100000000,0.10000000149011612
702,12.0,1.0,Van Buren,138,M4 viral media,100000000,0.10000000149011612
703,9.0,1.0,Washtenaw,110,M4 viral media,100000000,0.10000000149011612
704,71.0,1.0,Wexford,839,M4 viral media,100000000,0.10000000149011612
705,45.0,1.0,Alcona,536,Mask medical,100000000,0.10000000149011612
706,3.0,1.0,Alger,39,Mask medical,100000000,0.10000000149011612
707,27.0,1.0,Allegan,325,Mask medical,100000000,0.10000000149011612
708,44.0,1.0,Antrim,518,Mask medical,100000000,0.10000000149011612
709,516.0,1.0,Baraga,6102,Mask medical,100000000,0.10000000149011612
710,65.0,1.0,Barry,772,Mask medical,100000000,0.10000000149011612
711,160.0,1.0,Benzie,1896,Mask medical,100000000,0.10000000149011612
712,63.0,1.0,Delta,741,Mask medical,100000000,0.10000000149011612
713,38.0,1.0,Dickinson,452,Mask medical,100000000,0.10000000149011612
714,94.0,1.0,Eaton,1109,Mask medical,100000000,0.10000000149011612
715,6.0,1.0,Emmet,69,Mask medical,100000000,0.10000000149011612
716,403.0,1.0,Gogebic,4768,Mask medical,100000000,0.10000000149011612
717,52.0,1.0,Grand Traverse,612,Mask medical,100000000,0.10000000149011612
718,5.0,1.0,Gratiot,64,Mask medical,100000000,0.10000000149011612
719,45.0,1.0,Houghton,530,Mask medical,100000000,0.10000000149011612
720,17.0,1.0,Huron,206,Mask medical,100000000,0.10000000149011612
721,172.0,1.0,Iron,2038,Mask medical,100000000,0.10000000149011612
722,649.0,1.0,Isabella,7677,Mask medical,100000000,0.10000000149011612
723,33.0,1.0,Kalamazoo,392,Mask medical,100000000,0.10000000149011612
724,1034.0,1.0,Kalkaska,12228,Mask medical,100000000,0.10000000149011612
725,63.0,1.0,Kent,746,Mask medical,100000000,0.10000000149011612
726,62.0,1.0,Keweenaw,734,Mask medical,100000000,0.10000000149011612
727,105.0,1.0,Lake,1238,Mask medical,100000000,0.10000000149011612
728,15.0,1.0,Lapeer,172,Mask medical,100000000,0.10000000149011612
729,288.0,1.0,Leelanau,3408,Mask medical,100000000,0.10000000149011612
730,25.0,1.0,Lenawee,292,Mask medical,100000000,0.10000000149011612
731,301.0,1.0,Livingston,3560,Mask medical,100000000,0.10000000149011612
732,31.0,1.0,Manistee,364,Mask medical,100000000,0.10000000149011612
733,162.0,1.0,Marquette,1913,Mask medical,100000000,0.10000000149011612
734,32.0,1.0,Mason,378,Mask medical,100000000,0.10000000149011612
735,1.0,1.0,Mecosta,14,Mask medical,100000000,0.10000000149011612
736,27.0,1.0,Menominee,320,Mask medical,100000000,0.10000000149011612
737,74.0,1.0,Midland,875,Mask medical,100000000,0.10000000149011612
738,60.0,1.0,Missaukee,704,Mask medical,100000000,0.10000000149011612
739,17.0,1.0,Monroe,196,Mask medical,100000000,0.10000000149011612
740,366.0,1.0,Montcalm,4324,Mask medical,100000000,0.10000000149011612
741,23.0,1.0,Oceana,273,Mask medical,100000000,0.10000000149011612
742,321.0,1.0,Ogemaw,3797,Mask medical,100000000,0.10000000149011612
743,36370.0,1.0,Osceola,36370,Mask medical,100000000,0.10000000149011612
744,92.0,1.0,Oscoda,1090,Mask medical,100000000,0.10000000149011612
745,103.0,1.0,Presque Isle,1222,Mask medical,100000000,0.10000000149011612
746,175.0,1.0,Roscommon,2072,Mask medical,100000000,0.10000000149011612
747,27.0,1.0,Sanilac,324,Mask medical,100000000,0.10000000149011612
748,25.0,1.0,Schoolcraft,298,Mask medical,100000000,0.10000000149011612
749,12.0,1.0,Van Buren,138,Mask medical,100000000,0.10000000149011612
750,9.0,1.0,Washtenaw,110,Mask medical,100000000,0.10000000149011612
751,71.0,1.0,Wexford,839,Mask medical,100000000,0.10000000149011612
752,45.0,1.0,Alcona,536,Nasal testing swabs,100000000,0.10000000149011612
753,3.0,1.0,Alger,39,Nasal testing swabs,100000000,0.10000000149011612
754,27.0,1.0,Allegan,325,Nasal testing swabs,100000000,0.10000000149011612
755,44.0,1.0,Antrim,518,Nasal testing swabs,100000000,0.10000000149011612
756,516.0,1.0,Baraga,6102,Nasal testing swabs,100000000,0.10000000149011612
757,65.0,1.0,Barry,772,Nasal testing swabs,100000000,0.10000000149011612
758,160.0,1.0,Benzie,1896,Nasal testing swabs,100000000,0.10000000149011612
759,63.0,1.0,Delta,741,Nasal testing swabs,100000000,0.10000000149011612
760,38.0,1.0,Dickinson,452,Nasal testing swabs,100000000,0.10000000149011612
761,94.0,1.0,Eaton,1109,Nasal testing swabs,100000000,0.10000000149011612
762,6.0,1.0,Emmet,69,Nasal testing swabs,100000000,0.10000000149011612
763,403.0,1.0,Gogebic,4768,Nasal testing swabs,100000000,0.10000000149011612
764,52.0,1.0,Grand Traverse,612,Nasal testing swabs,100000000,0.10000000149011612
765,5.0,1.0,Gratiot,64,Nasal testing swabs,100000000,0.10000000149011612
766,45.0,1.0,Houghton,530,Nasal testing swabs,100000000,0.10000000149011612
767,17.0,1.0,Huron,206,Nasal testing swabs,100000000,0.10000000149011612
768,172.0,1.0,Iron,2038,Nasal testing swabs,100000000,0.10000000149011612
769,649.0,1.0,Isabella,7677,Nasal testing swabs,100000000,0.10000000149011612
770,33.0,1.0,Kalamazoo,392,Nasal testing swabs,100000000,0.10000000149011612
771,1034.0,1.0,Kalkaska,12228,Nasal testing swabs,100000000,0.10000000149011612
772,63.0,1.0,Kent,746,Nasal testing swabs,100000000,0.10000000149011612
773,62.0,1.0,Keweenaw,734,Nasal testing swabs,100000000,0.10000000149011612
774,105.0,1.0,Lake,1238,Nasal testing swabs,100000000,0.10000000149011612
775,15.0,1.0,Lapeer,172,Nasal testing swabs,100000000,0.10000000149011612
776,288.0,1.0,Leelanau,3408,Nasal testing swabs,100000000,0.10000000149011612
777,25.0,1.0,Lenawee,292,Nasal testing swabs,100000000,0.10000000149011612
778,301.0,1.0,Livingston,3560,Nasal testing swabs,100000000,0.10000000149011612
779,31.0,1.0,Manistee,364,Nasal testing swabs,100000000,0.10000000149011612
780,162.0,1.0,Marquette,1913,Nasal testing swabs,100000000,0.10000000149011612
781,32.0,1.0,Mason,378,Nasal testing swabs,100000000,0.10000000149011612
782,1.0,1.0,Mecosta,14,Nasal testing swabs,100000000,0.10000000149011612
783,27.0,1.0,Menominee,320,Nasal testing swabs,100000000,0.10000000149011612
784,74.0,1.0,Midland,875,Nasal testing swabs,100000000,0.10000000149011612
785,60.0,1.0,Missaukee,704,Nasal testing swabs,100000000,0.10000000149011612
786,17.0,1.0,Monroe,196,Nasal testing swabs,100000000,0.10000000149011612
787,366.0,1.0,Montcalm,4324,Nasal testing swabs,100000000,0.10000000149011612
788,23.0,1.0,Oceana,273,Nasal testing swabs,100000000,0.10000000149011612
789,321.0,1.0,Ogemaw,3797,Nasal testing swabs,100000000,0.10000000149011612
790,36370.0,1.0,Osceola,36370,Nasal testing swabs,100000000,0.10000000149011612
791,92.0,1.0,Oscoda,1090,Nasal testing swabs,100000000,0.10000000149011612
792,103.0,1.0,Presque Isle,1222,Nasal testing swabs,100000000,0.10000000149011612
793,175.0,1.0,Roscommon,2072,Nasal testing swabs,100000000,0.10000000149011612
794,27.0,1.0,Sanilac,324,Nasal testing swabs,100000000,0.10000000149011612
795,25.0,1.0,Schoolcraft,298,Nasal testing swabs,100000000,0.10000000149011612
796,12.0,1.0,Van Buren,138,Nasal testing swabs,100000000,0.10000000149011612
797,9.0,1.0,Washtenaw,110,Nasal testing swabs,100000000,0.10000000149011612
798,71.0,1.0,Wexford,839,Nasal testing swabs,100000000,0.10000000149011612
799,2.0,1.0,Alcona,27,Needles,100000000,0.10000000149011612
800,0.0,0.0,Alger,2,Needles,100000000,0.10000000149011612
801,1.0,1.0,Allegan,17,Needles,100000000,0.10000000149011612
802,2.0,1.0,Antrim,26,Needles,100000000,0.10000000149011612
803,26.0,1.0,Baraga,306,Needles,100000000,0.10000000149011612
804,3.0,1.0,Barry,39,Needles,100000000,0.10000000149011612
805,8.0,1.0,Benzie,95,Needles,100000000,0.10000000149011612
806,3.0,1.0,Delta,38,Needles,100000000,0.10000000149011612
807,2.0,1.0,Dickinson,23,Needles,100000000,0.10000000149011612
808,5.0,1.0,Eaton,56,Needles,100000000,0.10000000149011612
809,0.0,0.0,Emmet,4,Needles,100000000,0.10000000149011612
810,20.0,1.0,Gogebic,239,Needles,100000000,0.10000000149011612
811,3.0,1.0,Grand Traverse,31,Needles,100000000,0.10000000149011612
812,0.0,0.0,Gratiot,4,Needles,100000000,0.10000000149011612
813,2.0,1.0,Houghton,27,Needles,100000000,0.10000000149011612
814,1.0,1.0,Huron,11,Needles,100000000,0.10000000149011612
815,9.0,1.0,Iron,102,Needles,100000000,0.10000000149011612
816,32.0,1.0,Isabella,384,Needles,100000000,0.10000000149011612
817,2.0,1.0,Kalamazoo,20,Needles,100000000,0.10000000149011612
818,52.0,1.0,Kalkaska,612,Needles,100000000,0.10000000149011612
819,3.0,1.0,Kent,38,Needles,100000000,0.10000000149011612
820,3.0,1.0,Keweenaw,37,Needles,100000000,0.10000000149011612
821,5.0,1.0,Lake,62,Needles,100000000,0.10000000149011612
822,0.0,0.0,Lapeer,9,Needles,100000000,0.10000000149011612
823,14.0,1.0,Leelanau,171,Needles,100000000,0.10000000149011612
824,1.0,1.0,Lenawee,15,Needles,100000000,0.10000000149011612
825,15.0,1.0,Livingston,178,Needles,100000000,0.10000000149011612
826,2.0,1.0,Manistee,19,Needles,100000000,0.10000000149011612
827,8.0,1.0,Marquette,96,Needles,100000000,0.10000000149011612
828,2.0,1.0,Mason,19,Needles,100000000,0.10000000149011612
829,0.0,0.0,Mecosta,1,Needles,100000000,0.10000000149011612
830,1.0,1.0,Menominee,16,Needles,100000000,0.10000000149011612
831,4.0,1.0,Midland,44,Needles,100000000,0.10000000149011612
832,3.0,1.0,Missaukee,36,Needles,100000000,0.10000000149011612
833,0.0,0.0,Monroe,10,Needles,100000000,0.10000000149011612
834,18.0,1.0,Montcalm,217,Needles,100000000,0.10000000149011612
835,1.0,1.0,Oceana,14,Needles,100000000,0.10000000149011612
836,16.0,1.0,Ogemaw,190,Needles,100000000,0.10000000149011612
837,154.0,1.0,Osceola,1819,Needles,100000000,0.10000000149011612
838,5.0,1.0,Oscoda,55,Needles,100000000,0.10000000149011612
839,5.0,1.0,Presque Isle,62,Needles,100000000,0.10000000149011612
840,9.0,1.0,Roscommon,104,Needles,100000000,0.10000000149011612
841,1.0,1.0,Sanilac,17,Needles,100000000,0.10000000149011612
842,1.0,1.0,Schoolcraft,15,Needles,100000000,0.10000000149011612
843,0.0,0.0,Van Buren,7,Needles,100000000,0.10000000149011612
844,0.0,0.0,Washtenaw,6,Needles,100000000,0.10000000149011612
845,4.0,1.0,Wexford,42,Needles,100000000,0.10000000149011612
846,2.0,1.0,Alcona,22,Non contact infrared Thermometer,100000000,0.10000000149011612
847,0.0,0.0,Alger,2,Non contact infrared Thermometer,100000000,0.10000000149011612
848,1.0,1.0,Allegan,13,Non contact infrared Thermometer,100000000,0.10000000149011612
849,2.0,1.0,Antrim,21,Non contact infrared Thermometer,100000000,0.10000000149011612
850,21.0,1.0,Baraga,245,Non contact infrared Thermometer,100000000,0.10000000149011612
851,3.0,1.0,Barry,31,Non contact infrared Thermometer,100000000,0.10000000149011612
852,6.0,1.0,Benzie,76,Non contact infrared Thermometer,100000000,0.10000000149011612
853,3.0,1.0,Delta,30,Non contact infrared Thermometer,100000000,0.10000000149011612
854,2.0,1.0,Dickinson,19,Non contact infrared Thermometer,100000000,0.10000000149011612
855,4.0,1.0,Eaton,45,Non contact infrared Thermometer,100000000,0.10000000149011612
856,0.0,0.0,Emmet,3,Non contact infrared Thermometer,100000000,0.10000000149011612
857,16.0,1.0,Gogebic,191,Non contact infrared Thermometer,100000000,0.10000000149011612
858,2.0,1.0,Grand Traverse,25,Non contact infrared Thermometer,100000000,0.10000000149011612
859,0.0,0.0,Gratiot,3,Non contact infrared Thermometer,100000000,0.10000000149011612
860,2.0,1.0,Houghton,22,Non contact infrared Thermometer,100000000,0.10000000149011612
861,0.0,0.0,Huron,9,Non contact infrared Thermometer,100000000,0.10000000149011612
862,7.0,1.0,Iron,82,Non contact infrared Thermometer,100000000,0.10000000149011612
863,26.0,1.0,Isabella,308,Non contact infrared Thermometer,100000000,0.10000000149011612
864,1.0,1.0,Kalamazoo,16,Non contact infrared Thermometer,100000000,0.10000000149011612
865,41.0,1.0,Kalkaska,490,Non contact infrared Thermometer,100000000,0.10000000149011612
866,3.0,1.0,Kent,30,Non contact infrared Thermometer,100000000,0.10000000149011612
867,3.0,1.0,Keweenaw,30,Non contact infrared Thermometer,100000000,0.10000000149011612
868,4.0,1.0,Lake,50,Non contact infrared Thermometer,100000000,0.10000000149011612
869,0.0,0.0,Lapeer,7,Non contact infrared Thermometer,100000000,0.10000000149011612
870,12.0,1.0,Leelanau,137,Non contact infrared Thermometer,100000000,0.10000000149011612
871,1.0,1.0,Lenawee,12,Non contact infrared Thermometer,100000000,0.10000000149011612
872,12.0,1.0,Livingston,143,Non contact infrared Thermometer,100000000,0.10000000149011612
873,1.0,1.0,Manistee,15,Non contact infrared Thermometer,100000000,0.10000000149011612
874,7.0,1.0,Marquette,77,Non contact infrared Thermometer,100000000,0.10000000149011612
875,1.0,1.0,Mason,16,Non contact infrared Thermometer,100000000,0.10000000149011612
876,0.0,0.0,Mecosta,1,Non contact infrared Thermometer,100000000,0.10000000149011612
877,1.0,1.0,Menominee,13,Non contact infrared Thermometer,100000000,0.10000000149011612
878,3.0,1.0,Midland,35,Non contact infrared Thermometer,100000000,0.10000000149011612
879,2.0,1.0,Missaukee,29,Non contact infrared Thermometer,100000000,0.10000000149011612
880,0.0,0.0,Monroe,8,Non contact infrared Thermometer,100000000,0.10000000149011612
881,15.0,1.0,Montcalm,173,Non contact infrared Thermometer,100000000,0.10000000149011612
882,1.0,1.0,Oceana,11,Non contact infrared Thermometer,100000000,0.10000000149011612
883,13.0,1.0,Ogemaw,152,Non contact infrared Thermometer,100000000,0.10000000149011612
884,123.0,1.0,Osceola,1455,Non contact infrared Thermometer,100000000,0.10000000149011612
885,4.0,1.0,Oscoda,44,Non contact infrared Thermometer,100000000,0.10000000149011612
886,4.0,1.0,Presque Isle,49,Non contact infrared Thermometer,100000000,0.10000000149011612
887,7.0,1.0,Roscommon,83,Non contact infrared Thermometer,100000000,0.10000000149011612
888,1.0,1.0,Sanilac,13,Non contact infrared Thermometer,100000000,0.10000000149011612
889,1.0,1.0,Schoolcraft,12,Non contact infrared Thermometer,100000000,0.10000000149011612
890,0.0,0.0,Van Buren,6,Non contact infrared Thermometer,100000000,0.10000000149011612
891,0.0,0.0,Washtenaw,5,Non contact infrared Thermometer,100000000,0.10000000149011612
892,3.0,1.0,Wexford,34,Non contact infrared Thermometer,100000000,0.10000000149011612
893,27.0,1.0,Alcona,322,Non Invasive Ventilators,100000000,0.10000000149011612
894,2.0,1.0,Alger,24,Non Invasive Ventilators,100000000,0.10000000149011612
895,16.0,1.0,Allegan,195,Non Invasive Ventilators,100000000,0.10000000149011612
896,26.0,1.0,Antrim,311,Non Invasive Ventilators,100000000,0.10000000149011612
897,310.0,1.0,Baraga,3662,Non Invasive Ventilators,100000000,0.10000000149011612
898,39.0,1.0,Barry,464,Non Invasive Ventilators,100000000,0.10000000149011612
899,96.0,1.0,Benzie,1138,Non Invasive Ventilators,100000000,0.10000000149011612
900,38.0,1.0,Delta,445,Non Invasive Ventilators,100000000,0.10000000149011612
901,23.0,1.0,Dickinson,272,Non Invasive Ventilators,100000000,0.10000000149011612
902,56.0,1.0,Eaton,666,Non Invasive Ventilators,100000000,0.10000000149011612
903,4.0,1.0,Emmet,42,Non Invasive Ventilators,100000000,0.10000000149011612
904,242.0,1.0,Gogebic,2861,Non Invasive Ventilators,100000000,0.10000000149011612
905,31.0,1.0,Grand Traverse,368,Non Invasive Ventilators,100000000,0.10000000149011612
906,3.0,1.0,Gratiot,39,Non Invasive Ventilators,100000000,0.10000000149011612
907,27.0,1.0,Houghton,318,Non Invasive Ventilators,100000000,0.10000000149011612
908,10.0,1.0,Huron,124,Non Invasive Ventilators,100000000,0.10000000149011612
909,103.0,1.0,Iron,1223,Non Invasive Ventilators,100000000,0.10000000149011612
910,389.0,1.0,Isabella,4607,Non Invasive Ventilators,100000000,0.10000000149011612
911,20.0,1.0,Kalamazoo,236,Non Invasive Ventilators,100000000,0.10000000149011612
912,620.0,1.0,Kalkaska,7337,Non Invasive Ventilators,100000000,0.10000000149011612
913,38.0,1.0,Kent,448,Non Invasive Ventilators,100000000,0.10000000149011612
914,37.0,1.0,Keweenaw,441,Non Invasive Ventilators,100000000,0.10000000149011612
915,63.0,1.0,Lake,743,Non Invasive Ventilators,100000000,0.10000000149011612
916,9.0,1.0,Lapeer,104,Non Invasive Ventilators,100000000,0.10000000149011612
917,173.0,1.0,Leelanau,2045,Non Invasive Ventilators,100000000,0.10000000149011612
918,15.0,1.0,Lenawee,176,Non Invasive Ventilators,100000000,0.10000000149011612
919,181.0,1.0,Livingston,2136,Non Invasive Ventilators,100000000,0.10000000149011612
920,19.0,1.0,Manistee,219,Non Invasive Ventilators,100000000,0.10000000149011612
921,97.0,1.0,Marquette,1148,Non Invasive Ventilators,100000000,0.10000000149011612
922,19.0,1.0,Mason,227,Non Invasive Ventilators,100000000,0.10000000149011612
923,0.0,0.0,Mecosta,9,Non Invasive Ventilators,100000000,0.10000000149011612
924,16.0,1.0,Menominee,192,Non Invasive Ventilators,100000000,0.10000000149011612
925,44.0,1.0,Midland,525,Non Invasive Ventilators,100000000,0.10000000149011612
926,36.0,1.0,Missaukee,423,Non Invasive Ventilators,100000000,0.10000000149011612
927,10.0,1.0,Monroe,118,Non Invasive Ventilators,100000000,0.10000000149011612
928,219.0,1.0,Montcalm,2595,Non Invasive Ventilators,100000000,0.10000000149011612
929,14.0,1.0,Oceana,164,Non Invasive Ventilators,100000000,0.10000000149011612
930,193.0,1.0,Ogemaw,2279,Non Invasive Ventilators,100000000,0.10000000149011612
931,1845.0,1.0,Osceola,21822,Non Invasive Ventilators,100000000,0.10000000149011612
932,55.0,1.0,Oscoda,654,Non Invasive Ventilators,100000000,0.10000000149011612
933,62.0,1.0,Presque Isle,734,Non Invasive Ventilators,100000000,0.10000000149011612
934,105.0,1.0,Roscommon,1244,Non Invasive Ventilators,100000000,0.10000000149011612
935,16.0,1.0,Sanilac,195,Non Invasive Ventilators,100000000,0.10000000149011612
936,15.0,1.0,Schoolcraft,179,Non Invasive Ventilators,100000000,0.10000000149011612
937,7.0,1.0,Van Buren,83,Non Invasive Ventilators,100000000,0.10000000149011612
938,6.0,1.0,Washtenaw,66,Non Invasive Ventilators,100000000,0.10000000149011612
939,43.0,1.0,Wexford,504,Non Invasive Ventilators,100000000,0.10000000149011612
940,0.0,0.0,Alcona,215,powered air purifying respirators,100000000,0.10000000149011612
941,0.0,0.0,Alger,16,powered air purifying respirators,100000000,0.10000000149011612
942,0.0,0.0,Allegan,130,powered air purifying respirators,100000000,0.10000000149011612
943,0.0,0.0,Antrim,208,powered air purifying respirators,100000000,0.10000000149011612
944,0.0,0.0,Baraga,2441,powered air purifying respirators,100000000,0.10000000149011612
945,0.0,0.0,Barry,309,powered air purifying respirators,100000000,0.10000000149011612
946,0.0,0.0,Benzie,759,powered air purifying respirators,100000000,0.10000000149011612
947,0.0,0.0,Delta,297,powered air purifying respirators,100000000,0.10000000149011612
948,0.0,0.0,Dickinson,181,powered air purifying respirators,100000000,0.10000000149011612
949,0.0,0.0,Eaton,444,powered air purifying respirators,100000000,0.10000000149011612
950,0.0,0.0,Emmet,28,powered air purifying respirators,100000000,0.10000000149011612
951,0.0,0.0,Gogebic,1908,powered air purifying respirators,100000000,0.10000000149011612
952,0.0,0.0,Grand Traverse,245,powered air purifying respirators,100000000,0.10000000149011612
953,0.0,0.0,Gratiot,26,powered air purifying respirators,100000000,0.10000000149011612
954,0.0,0.0,Houghton,212,powered air purifying respirators,100000000,0.10000000149011612
955,0.0,0.0,Huron,83,powered air purifying respirators,100000000,0.10000000149011612
956,0.0,0.0,Iron,816,powered air purifying respirators,100000000,0.10000000149011612
957,0.0,0.0,Isabella,3071,powered air purifying respirators,100000000,0.10000000149011612
958,0.0,0.0,Kalamazoo,157,powered air purifying respirators,100000000,0.10000000149011612
959,0.0,0.0,Kalkaska,4892,powered air purifying respirators,100000000,0.10000000149011612
960,0.0,0.0,Kent,299,powered air purifying respirators,100000000,0.10000000149011612
961,0.0,0.0,Keweenaw,294,powered air purifying respirators,100000000,0.10000000149011612
962,0.0,0.0,Lake,496,powered air purifying respirators,100000000,0.10000000149011612
963,0.0,0.0,Lapeer,69,powered air purifying respirators,100000000,0.10000000149011612
964,0.0,0.0,Leelanau,1364,powered air purifying respirators,100000000,0.10000000149011612
965,0.0,0.0,Lenawee,117,powered air purifying respirators,100000000,0.10000000149011612
966,0.0,0.0,Livingston,1424,powered air purifying respirators,100000000,0.10000000149011612
967,0.0,0.0,Manistee,146,powered air purifying respirators,100000000,0.10000000149011612
968,0.0,0.0,Marquette,766,powered air purifying respirators,100000000,0.10000000149011612
969,0.0,0.0,Mason,152,powered air purifying respirators,100000000,0.10000000149011612
970,0.0,0.0,Mecosta,6,powered air purifying respirators,100000000,0.10000000149011612
971,0.0,0.0,Menominee,128,powered air purifying respirators,100000000,0.10000000149011612
972,0.0,0.0,Midland,350,powered air purifying respirators,100000000,0.10000000149011612
973,0.0,0.0,Missaukee,282,powered air purifying respirators,100000000,0.10000000149011612
974,0.0,0.0,Monroe,79,powered air purifying respirators,100000000,0.10000000149011612
975,0.0,0.0,Montcalm,1730,powered air purifying respirators,100000000,0.10000000149011612
976,0.0,0.0,Oceana,110,powered air purifying respirators,100000000,0.10000000149011612
977,0.0,0.0,Ogemaw,1519,powered air purifying respirators,100000000,0.10000000149011612
978,0.0,0.0,Osceola,14548,powered air purifying respirators,100000000,0.10000000149011612
979,0.0,0.0,Oscoda,436,powered air purifying respirators,100000000,0.10000000149011612
980,0.0,0.0,Presque Isle,489,powered air purifying respirators,100000000,0.10000000149011612
981,0.0,0.0,Roscommon,829,powered air purifying respirators,100000000,0.10000000149011612
982,0.0,0.0,Sanilac,130,powered air purifying respirators,100000000,0.10000000149011612
983,0.0,0.0,Schoolcraft,120,powered air purifying respirators,100000000,0.10000000149011612
984,0.0,0.0,Van Buren,56,powered air purifying respirators,100000000,0.10000000149011612
985,0.0,0.0,Washtenaw,44,powered air purifying respirators,100000000,0.10000000149011612
986,0.0,0.0,Wexford,336,powered air purifying respirators,100000000,0.10000000149011612
987,0.0,0.0,Alcona,3,Safety box,100000000,0.10000000149011612
988,0.0,0.0,Alger,1,Safety box,100000000,0.10000000149011612
989,0.0,0.0,Allegan,2,Safety box,100000000,0.10000000149011612
990,0.0,0.0,Antrim,3,Safety box,100000000,0.10000000149011612
991,0.0,0.0,Baraga,31,Safety box,100000000,0.10000000149011612
992,0.0,0.0,Barry,4,Safety box,100000000,0.10000000149011612
993,0.0,0.0,Benzie,10,Safety box,100000000,0.10000000149011612
994,0.0,0.0,Delta,4,Safety box,100000000,0.10000000149011612
995,0.0,0.0,Dickinson,3,Safety box,100000000,0.10000000149011612
996,0.0,0.0,Eaton,6,Safety box,100000000,0.10000000149011612
997,0.0,0.0,Emmet,1,Safety box,100000000,0.10000000149011612
998,0.0,0.0,Gogebic,24,Safety box,100000000,0.10000000149011612
999,0.0,0.0,Grand Traverse,4,Safety box,100000000,0.10000000149011612
1000,0.0,0.0,Gratiot,1,Safety box,100000000,0.10000000149011612
1001,0.0,0.0,Houghton,3,Safety box,100000000,0.10000000149011612
1002,0.0,0.0,Huron,2,Safety box,100000000,0.10000000149011612
1003,0.0,0.0,Iron,11,Safety box,100000000,0.10000000149011612
1004,0.0,0.0,Isabella,39,Safety box,100000000,0.10000000149011612
1005,0.0,0.0,Kalamazoo,2,Safety box,100000000,0.10000000149011612
1006,0.0,0.0,Kalkaska,62,Safety box,100000000,0.10000000149011612
1007,0.0,0.0,Kent,4,Safety box,100000000,0.10000000149011612
1008,0.0,0.0,Keweenaw,4,Safety box,100000000,0.10000000149011612
1009,0.0,0.0,Lake,7,Safety box,100000000,0.10000000149011612
1010,0.0,0.0,Lapeer,1,Safety box,100000000,0.10000000149011612
1011,0.0,0.0,Leelanau,18,Safety box,100000000,0.10000000149011612
1012,0.0,0.0,Lenawee,2,Safety box,100000000,0.10000000149011612
1013,0.0,0.0,Livingston,18,Safety box,100000000,0.10000000149011612
1014,0.0,0.0,Manistee,2,Safety box,100000000,0.10000000149011612
1015,0.0,0.0,Marquette,10,Safety box,100000000,0.10000000149011612
1016,0.0,0.0,Mason,2,Safety box,100000000,0.10000000149011612
1017,0.0,0.0,Mecosta,1,Safety box,100000000,0.10000000149011612
1018,0.0,0.0,Menominee,2,Safety box,100000000,0.10000000149011612
1019,0.0,0.0,Midland,5,Safety box,100000000,0.10000000149011612
1020,0.0,0.0,Missaukee,4,Safety box,100000000,0.10000000149011612
1021,0.0,0.0,Monroe,1,Safety box,100000000,0.10000000149011612
1022,0.0,0.0,Montcalm,22,Safety box,100000000,0.10000000149011612
1023,0.0,0.0,Oceana,2,Safety box,100000000,0.10000000149011612
1024,0.0,0.0,Ogemaw,19,Safety box,100000000,0.10000000149011612
1025,0.0,0.0,Osceola,182,Safety box,100000000,0.10000000149011612
1026,0.0,0.0,Oscoda,6,Safety box,100000000,0.10000000149011612
1027,0.0,0.0,Presque Isle,7,Safety box,100000000,0.10000000149011612
1028,0.0,0.0,Roscommon,11,Safety box,100000000,0.10000000149011612
1029,0.0,0.0,Sanilac,2,Safety box,100000000,0.10000000149011612
1030,0.0,0.0,Schoolcraft,2,Safety box,100000000,0.10000000149011612
1031,0.0,0.0,Van Buren,1,Safety box,100000000,0.10000000149011612
1032,0.0,0.0,Washtenaw,1,Safety box,100000000,0.10000000149011612
1033,0.0,0.0,Wexford,5,Safety box,100000000,0.10000000149011612
1034,0.0,0.0,Alcona,3,Scrubs pants,100000000,0.10000000149011612
1035,0.0,0.0,Alger,1,Scrubs pants,100000000,0.10000000149011612
1036,0.0,0.0,Allegan,2,Scrubs pants,100000000,0.10000000149011612
1037,0.0,0.0,Antrim,3,Scrubs pants,100000000,0.10000000149011612
1038,0.0,0.0,Baraga,31,Scrubs pants,100000000,0.10000000149011612
1039,0.0,0.0,Barry,4,Scrubs pants,100000000,0.10000000149011612
1040,0.0,0.0,Benzie,10,Scrubs pants,100000000,0.10000000149011612
1041,0.0,0.0,Delta,4,Scrubs pants,100000000,0.10000000149011612
1042,0.0,0.0,Dickinson,3,Scrubs pants,100000000,0.10000000149011612
1043,0.0,0.0,Eaton,6,Scrubs pants,100000000,0.10000000149011612
1044,0.0,0.0,Emmet,1,Scrubs pants,100000000,0.10000000149011612
1045,0.0,0.0,Gogebic,24,Scrubs pants,100000000,0.10000000149011612
1046,0.0,0.0,Grand Traverse,4,Scrubs pants,100000000,0.10000000149011612
1047,0.0,0.0,Gratiot,1,Scrubs pants,100000000,0.10000000149011612
1048,0.0,0.0,Houghton,3,Scrubs pants,100000000,0.10000000149011612
1049,0.0,0.0,Huron,2,Scrubs pants,100000000,0.10000000149011612
1050,0.0,0.0,Iron,11,Scrubs pants,100000000,0.10000000149011612
1051,0.0,0.0,Isabella,39,Scrubs pants,100000000,0.10000000149011612
1052,0.0,0.0,Kalamazoo,2,Scrubs pants,100000000,0.10000000149011612
1053,0.0,0.0,Kalkaska,62,Scrubs pants,100000000,0.10000000149011612
1054,0.0,0.0,Kent,4,Scrubs pants,100000000,0.10000000149011612
1055,0.0,0.0,Keweenaw,4,Scrubs pants,100000000,0.10000000149011612
1056,0.0,0.0,Lake,7,Scrubs pants,100000000,0.10000000149011612
1057,0.0,0.0,Lapeer,1,Scrubs pants,100000000,0.10000000149011612
1058,0.0,0.0,Leelanau,18,Scrubs pants,100000000,0.10000000149011612
1059,0.0,0.0,Lenawee,2,Scrubs pants,100000000,0.10000000149011612
1060,0.0,0.0,Livingston,18,Scrubs pants,100000000,0.10000000149011612
1061,0.0,0.0,Manistee,2,Scrubs pants,100000000,0.10000000149011612
1062,0.0,0.0,Marquette,10,Scrubs pants,100000000,0.10000000149011612
1063,0.0,0.0,Mason,2,Scrubs pants,100000000,0.10000000149011612
1064,0.0,0.0,Mecosta,1,Scrubs pants,100000000,0.10000000149011612
1065,0.0,0.0,Menominee,2,Scrubs pants,100000000,0.10000000149011612
1066,0.0,0.0,Midland,5,Scrubs pants,100000000,0.10000000149011612
1067,0.0,0.0,Missaukee,4,Scrubs pants,100000000,0.10000000149011612
1068,0.0,0.0,Monroe,1,Scrubs pants,100000000,0.10000000149011612
1069,0.0,0.0,Montcalm,22,Scrubs pants,100000000,0.10000000149011612
1070,0.0,0.0,Oceana,2,Scrubs pants,100000000,0.10000000149011612
1071,0.0,0.0,Ogemaw,19,Scrubs pants,100000000,0.10000000149011612
1072,0.0,0.0,Osceola,182,Scrubs pants,100000000,0.10000000149011612
1073,0.0,0.0,Oscoda,6,Scrubs pants,100000000,0.10000000149011612
1074,0.0,0.0,Presque Isle,7,Scrubs pants,100000000,0.10000000149011612
1075,0.0,0.0,Roscommon,11,Scrubs pants,100000000,0.10000000149011612
1076,0.0,0.0,Sanilac,2,Scrubs pants,100000000,0.10000000149011612
1077,0.0,0.0,Schoolcraft,2,Scrubs pants,100000000,0.10000000149011612
1078,0.0,0.0,Van Buren,1,Scrubs pants,100000000,0.10000000149011612
1079,0.0,0.0,Washtenaw,1,Scrubs pants,100000000,0.10000000149011612
1080,0.0,0.0,Wexford,5,Scrubs pants,100000000,0.10000000149011612
1081,0.0,0.0,Alcona,3,Scrubs tops,100000000,0.10000000149011612
1082,0.0,0.0,Alger,1,Scrubs tops,100000000,0.10000000149011612
1083,0.0,0.0,Allegan,2,Scrubs tops,100000000,0.10000000149011612
1084,0.0,0.0,Antrim,3,Scrubs tops,100000000,0.10000000149011612
1085,0.0,0.0,Baraga,31,Scrubs tops,100000000,0.10000000149011612
1086,0.0,0.0,Barry,4,Scrubs tops,100000000,0.10000000149011612
1087,0.0,0.0,Benzie,10,Scrubs tops,100000000,0.10000000149011612
1088,0.0,0.0,Delta,4,Scrubs tops,100000000,0.10000000149011612
1089,0.0,0.0,Dickinson,3,Scrubs tops,100000000,0.10000000149011612
1090,0.0,0.0,Eaton,6,Scrubs tops,100000000,0.10000000149011612
1091,0.0,0.0,Emmet,1,Scrubs tops,100000000,0.10000000149011612
1092,0.0,0.0,Gogebic,24,Scrubs tops,100000000,0.10000000149011612
1093,0.0,0.0,Grand Traverse,4,Scrubs tops,100000000,0.10000000149011612
1094,0.0,0.0,Gratiot,1,Scrubs tops,100000000,0.10000000149011612
1095,0.0,0.0,Houghton,3,Scrubs tops,100000000,0.10000000149011612
1096,0.0,0.0,Huron,2,Scrubs tops,100000000,0.10000000149011612
1097,0.0,0.0,Iron,11,Scrubs tops,100000000,0.10000000149011612
1098,0.0,0.0,Isabella,39,Scrubs tops,100000000,0.10000000149011612
1099,0.0,0.0,Kalamazoo,2,Scrubs tops,100000000,0.10000000149011612
1100,0.0,0.0,Kalkaska,62,Scrubs tops,100000000,0.10000000149011612
1101,0.0,0.0,Kent,4,Scrubs tops,100000000,0.10000000149011612
1102,0.0,0.0,Keweenaw,4,Scrubs tops,100000000,0.10000000149011612
1103,0.0,0.0,Lake,7,Scrubs tops,100000000,0.10000000149011612
1104,0.0,0.0,Lapeer,1,Scrubs tops,100000000,0.10000000149011612
1105,0.0,0.0,Leelanau,18,Scrubs tops,100000000,0.10000000149011612
1106,0.0,0.0,Lenawee,2,Scrubs tops,100000000,0.10000000149011612
1107,0.0,0.0,Livingston,18,Scrubs tops,100000000,0.10000000149011612
1108,0.0,0.0,Manistee,2,Scrubs tops,100000000,0.10000000149011612
1109,0.0,0.0,Marquette,10,Scrubs tops,100000000,0.10000000149011612
1110,0.0,0.0,Mason,2,Scrubs tops,100000000,0.10000000149011612
1111,0.0,0.0,Mecosta,1,Scrubs tops,100000000,0.10000000149011612
1112,0.0,0.0,Menominee,2,Scrubs tops,100000000,0.10000000149011612
1113,0.0,0.0,Midland,5,Scrubs tops,100000000,0.10000000149011612
1114,0.0,0.0,Missaukee,4,Scrubs tops,100000000,0.10000000149011612
1115,0.0,0.0,Monroe,1,Scrubs tops,100000000,0.10000000149011612
1116,0.0,0.0,Montcalm,22,Scrubs tops,100000000,0.10000000149011612
1117,0.0,0.0,Oceana,2,Scrubs tops,100000000,0.10000000149011612
1118,0.0,0.0,Ogemaw,19,Scrubs tops,100000000,0.10000000149011612
1119,0.0,0.0,Osceola,182,Scrubs tops,100000000,0.10000000149011612
1120,0.0,0.0,Oscoda,6,Scrubs tops,100000000,0.10000000149011612
1121,0.0,0.0,Presque Isle,7,Scrubs tops,100000000,0.10000000149011612
1122,0.0,0.0,Roscommon,11,Scrubs tops,100000000,0.10000000149011612
1123,0.0,0.0,Sanilac,2,Scrubs tops,100000000,0.10000000149011612
1124,0.0,0.0,Schoolcraft,2,Scrubs tops,100000000,0.10000000149011612
1125,0.0,0.0,Van Buren,1,Scrubs tops,100000000,0.10000000149011612
1126,0.0,0.0,Washtenaw,1,Scrubs tops,100000000,0.10000000149011612
1127,0.0,0.0,Wexford,5,Scrubs tops,100000000,0.10000000149011612
1128,0.0,0.0,Alcona,27,Surface Disinfectant 1 Gallon,100000000,0.10000000149011612
1129,0.0,0.0,Alger,2,Surface Disinfectant 1 Gallon,100000000,0.10000000149011612
1130,0.0,0.0,Allegan,17,Surface Disinfectant 1 Gallon,100000000,0.10000000149011612
1131,0.0,0.0,Antrim,26,Surface Disinfectant 1 Gallon,100000000,0.10000000149011612
1132,0.0,0.0,Baraga,306,Surface Disinfectant 1 Gallon,100000000,0.10000000149011612
1133,0.0,0.0,Barry,39,Surface Disinfectant 1 Gallon,100000000,0.10000000149011612
1134,0.0,0.0,Benzie,95,Surface Disinfectant 1 Gallon,100000000,0.10000000149011612
1135,0.0,0.0,Delta,38,Surface Disinfectant 1 Gallon,100000000,0.10000000149011612
1136,0.0,0.0,Dickinson,23,Surface Disinfectant 1 Gallon,100000000,0.10000000149011612
1137,0.0,0.0,Eaton,56,Surface Disinfectant 1 Gallon,100000000,0.10000000149011612
1138,0.0,0.0,Emmet,4,Surface Disinfectant 1 Gallon,100000000,0.10000000149011612
1139,0.0,0.0,Gogebic,239,Surface Disinfectant 1 Gallon,100000000,0.10000000149011612
1140,0.0,0.0,Grand Traverse,31,Surface Disinfectant 1 Gallon,100000000,0.10000000149011612
1141,0.0,0.0,Gratiot,4,Surface Disinfectant 1 Gallon,100000000,0.10000000149011612
1142,0.0,0.0,Houghton,27,Surface Disinfectant 1 Gallon,100000000,0.10000000149011612
1143,0.0,0.0,Huron,11,Surface Disinfectant 1 Gallon,100000000,0.10000000149011612
1144,0.0,0.0,Iron,102,Surface Disinfectant 1 Gallon,100000000,0.10000000149011612
1145,0.0,0.0,Isabella,384,Surface Disinfectant 1 Gallon,100000000,0.10000000149011612
1146,0.0,0.0,Kalamazoo,20,Surface Disinfectant 1 Gallon,100000000,0.10000000149011612
1147,0.0,0.0,Kalkaska,612,Surface Disinfectant 1 Gallon,100000000,0.10000000149011612
1148,0.0,0.0,Kent,38,Surface Disinfectant 1 Gallon,100000000,0.10000000149011612
1149,0.0,0.0,Keweenaw,37,Surface Disinfectant 1 Gallon,100000000,0.10000000149011612
1150,0.0,0.0,Lake,62,Surface Disinfectant 1 Gallon,100000000,0.10000000149011612
1151,0.0,0.0,Lapeer,9,Surface Disinfectant 1 Gallon,100000000,0.10000000149011612
1152,0.0,0.0,Leelanau,171,Surface Disinfectant 1 Gallon,100000000,0.10000000149011612
1153,0.0,0.0,Lenawee,15,Surface Disinfectant 1 Gallon,100000000,0.10000000149011612
1154,0.0,0.0,Livingston,178,Surface Disinfectant 1 Gallon,100000000,0.10000000149011612
1155,0.0,0.0,Manistee,19,Surface Disinfectant 1 Gallon,100000000,0.10000000149011612
1156,0.0,0.0,Marquette,96,Surface Disinfectant 1 Gallon,100000000,0.10000000149011612
1157,0.0,0.0,Mason,19,Surface Disinfectant 1 Gallon,100000000,0.10000000149011612
1158,0.0,0.0,Mecosta,1,Surface Disinfectant 1 Gallon,100000000,0.10000000149011612
1159,0.0,0.0,Menominee,16,Surface Disinfectant 1 Gallon,100000000,0.10000000149011612
1160,0.0,0.0,Midland,44,Surface Disinfectant 1 Gallon,100000000,0.10000000149011612
1161,0.0,0.0,Missaukee,36,Surface Disinfectant 1 Gallon,100000000,0.10000000149011612
1162,0.0,0.0,Monroe,10,Surface Disinfectant 1 Gallon,100000000,0.10000000149011612
1163,0.0,0.0,Montcalm,217,Surface Disinfectant 1 Gallon,100000000,0.10000000149011612
1164,0.0,0.0,Oceana,14,Surface Disinfectant 1 Gallon,100000000,0.10000000149011612
1165,0.0,0.0,Ogemaw,190,Surface Disinfectant 1 Gallon,100000000,0.10000000149011612
1166,0.0,0.0,Osceola,1819,Surface Disinfectant 1 Gallon,100000000,0.10000000149011612
1167,0.0,0.0,Oscoda,55,Surface Disinfectant 1 Gallon,100000000,0.10000000149011612
1168,0.0,0.0,Presque Isle,62,Surface Disinfectant 1 Gallon,100000000,0.10000000149011612
1169,0.0,0.0,Roscommon,104,Surface Disinfectant 1 Gallon,100000000,0.10000000149011612
1170,0.0,0.0,Sanilac,17,Surface Disinfectant 1 Gallon,100000000,0.10000000149011612
1171,0.0,0.0,Schoolcraft,15,Surface Disinfectant 1 Gallon,100000000,0.10000000149011612
1172,0.0,0.0,Van Buren,7,Surface Disinfectant 1 Gallon,100000000,0.10000000149011612
1173,0.0,0.0,Washtenaw,6,Surface Disinfectant 1 Gallon,100000000,0.10000000149011612
1174,0.0,0.0,Wexford,42,Surface Disinfectant 1 Gallon,100000000,0.10000000149011612
1175,2.0,1.0,Alcona,27,Syringes,100000000,0.10000000149011612
1176,0.0,0.0,Alger,2,Syringes,100000000,0.10000000149011612
1177,1.0,1.0,Allegan,17,Syringes,100000000,0.10000000149011612
1178,2.0,1.0,Antrim,26,Syringes,100000000,0.10000000149011612
1179,26.0,1.0,Baraga,306,Syringes,100000000,0.10000000149011612
1180,3.0,1.0,Barry,39,Syringes,100000000,0.10000000149011612
1181,8.0,1.0,Benzie,95,Syringes,100000000,0.10000000149011612
1182,3.0,1.0,Delta,38,Syringes,100000000,0.10000000149011612
1183,2.0,1.0,Dickinson,23,Syringes,100000000,0.10000000149011612
1184,5.0,1.0,Eaton,56,Syringes,100000000,0.10000000149011612
1185,0.0,0.0,Emmet,4,Syringes,100000000,0.10000000149011612
1186,20.0,1.0,Gogebic,239,Syringes,100000000,0.10000000149011612
1187,3.0,1.0,Grand Traverse,31,Syringes,100000000,0.10000000149011612
1188,0.0,0.0,Gratiot,4,Syringes,100000000,0.10000000149011612
1189,2.0,1.0,Houghton,27,Syringes,100000000,0.10000000149011612
1190,1.0,1.0,Huron,11,Syringes,100000000,0.10000000149011612
1191,9.0,1.0,Iron,102,Syringes,100000000,0.10000000149011612
1192,32.0,1.0,Isabella,384,Syringes,100000000,0.10000000149011612
1193,2.0,1.0,Kalamazoo,20,Syringes,100000000,0.10000000149011612
1194,52.0,1.0,Kalkaska,612,Syringes,100000000,0.10000000149011612
1195,3.0,1.0,Kent,38,Syringes,100000000,0.10000000149011612
1196,3.0,1.0,Keweenaw,37,Syringes,100000000,0.10000000149011612
1197,5.0,1.0,Lake,62,Syringes,100000000,0.10000000149011612
1198,0.0,0.0,Lapeer,9,Syringes,100000000,0.10000000149011612
1199,14.0,1.0,Leelanau,171,Syringes,100000000,0.10000000149011612
1200,1.0,1.0,Lenawee,15,Syringes,100000000,0.10000000149011612
1201,15.0,1.0,Livingston,178,Syringes,100000000,0.10000000149011612
1202,2.0,1.0,Manistee,19,Syringes,100000000,0.10000000149011612
1203,8.0,1.0,Marquette,96,Syringes,100000000,0.10000000149011612
1204,2.0,1.0,Mason,19,Syringes,100000000,0.10000000149011612
1205,0.0,0.0,Mecosta,1,Syringes,100000000,0.10000000149011612
1206,1.0,1.0,Menominee,16,Syringes,100000000,0.10000000149011612
1207,4.0,1.0,Midland,44,Syringes,100000000,0.10000000149011612
1208,3.0,1.0,Missaukee,36,Syringes,100000000,0.10000000149011612
1209,0.0,0.0,Monroe,10,Syringes,100000000,0.10000000149011612
1210,18.0,1.0,Montcalm,217,Syringes,100000000,0.10000000149011612
1211,1.0,1.0,Oceana,14,Syringes,100000000,0.10000000149011612
1212,16.0,1.0,Ogemaw,190,Syringes,100000000,0.10000000149011612
1213,154.0,1.0,Osceola,1819,Syringes,100000000,0.10000000149011612
1214,5.0,1.0,Oscoda,55,Syringes,100000000,0.10000000149011612
1215,5.0,1.0,Presque Isle,62,Syringes,100000000,0.10000000149011612
1216,9.0,1.0,Roscommon,104,Syringes,100000000,0.10000000149011612
1217,1.0,1.0,Sanilac,17,Syringes,100000000,0.10000000149011612
1218,1.0,1.0,Schoolcraft,15,Syringes,100000000,0.10000000149011612
1219,0.0,0.0,Van Buren,7,Syringes,100000000,0.10000000149011612
1220,0.0,0.0,Washtenaw,6,Syringes,100000000,0.10000000149011612
1221,4.0,1.0,Wexford,42,Syringes,100000000,0.10000000149011612
1222,45.0,1.0,Alcona,536,Triple packaging boxes,100000000,0.10000000149011612
1223,3.0,1.0,Alger,39,Triple packaging boxes,100000000,0.10000000149011612
1224,27.0,1.0,Allegan,325,Triple packaging boxes,100000000,0.10000000149011612
1225,44.0,1.0,Antrim,518,Triple packaging boxes,100000000,0.10000000149011612
1226,516.0,1.0,Baraga,6102,Triple packaging boxes,100000000,0.10000000149011612
1227,65.0,1.0,Barry,772,Triple packaging boxes,100000000,0.10000000149011612
1228,160.0,1.0,Benzie,1896,Triple packaging boxes,100000000,0.10000000149011612
1229,63.0,1.0,Delta,741,Triple packaging boxes,100000000,0.10000000149011612
1230,38.0,1.0,Dickinson,452,Triple packaging boxes,100000000,0.10000000149011612
1231,94.0,1.0,Eaton,1109,Triple packaging boxes,100000000,0.10000000149011612
1232,6.0,1.0,Emmet,69,Triple packaging boxes,100000000,0.10000000149011612
1233,403.0,1.0,Gogebic,4768,Triple packaging boxes,100000000,0.10000000149011612
1234,52.0,1.0,Grand Traverse,612,Triple packaging boxes,100000000,0.10000000149011612
1235,5.0,1.0,Gratiot,64,Triple packaging boxes,100000000,0.10000000149011612
1236,45.0,1.0,Houghton,530,Triple packaging boxes,100000000,0.10000000149011612
1237,17.0,1.0,Huron,206,Triple packaging boxes,100000000,0.10000000149011612
1238,172.0,1.0,Iron,2038,Triple packaging boxes,100000000,0.10000000149011612
1239,649.0,1.0,Isabella,7677,Triple packaging boxes,100000000,0.10000000149011612
1240,33.0,1.0,Kalamazoo,392,Triple packaging boxes,100000000,0.10000000149011612
1241,1034.0,1.0,Kalkaska,12228,Triple packaging boxes,100000000,0.10000000149011612
1242,63.0,1.0,Kent,746,Triple packaging boxes,100000000,0.10000000149011612
1243,62.0,1.0,Keweenaw,734,Triple packaging boxes,100000000,0.10000000149011612
1244,105.0,1.0,Lake,1238,Triple packaging boxes,100000000,0.10000000149011612
1245,15.0,1.0,Lapeer,172,Triple packaging boxes,100000000,0.10000000149011612
1246,288.0,1.0,Leelanau,3408,Triple packaging boxes,100000000,0.10000000149011612
1247,25.0,1.0,Lenawee,292,Triple packaging boxes,100000000,0.10000000149011612
1248,301.0,1.0,Livingston,3560,Triple packaging boxes,100000000,0.10000000149011612
1249,31.0,1.0,Manistee,364,Triple packaging boxes,100000000,0.10000000149011612
1250,162.0,1.0,Marquette,1913,Triple packaging boxes,100000000,0.10000000149011612
1251,32.0,1.0,Mason,378,Triple packaging boxes,100000000,0.10000000149011612
1252,1.0,1.0,Mecosta,14,Triple packaging boxes,100000000,0.10000000149011612
1253,27.0,1.0,Menominee,320,Triple packaging boxes,100000000,0.10000000149011612
1254,74.0,1.0,Midland,875,Triple packaging boxes,100000000,0.10000000149011612
1255,60.0,1.0,Missaukee,704,Triple packaging boxes,100000000,0.10000000149011612
1256,17.0,1.0,Monroe,196,Triple packaging boxes,100000000,0.10000000149011612
1257,366.0,1.0,Montcalm,4324,Triple packaging boxes,100000000,0.10000000149011612
1258,23.0,1.0,Oceana,273,Triple packaging boxes,100000000,0.10000000149011612
1259,321.0,1.0,Ogemaw,3797,Triple packaging boxes,100000000,0.10000000149011612
1260,36370.0,1.0,Osceola,36370,Triple packaging boxes,100000000,0.10000000149011612
1261,92.0,1.0,Oscoda,1090,Triple packaging boxes,100000000,0.10000000149011612
1262,103.0,1.0,Presque Isle,1222,Triple packaging boxes,100000000,0.10000000149011612
1263,175.0,1.0,Roscommon,2072,Triple packaging boxes,100000000,0.10000000149011612
1264,27.0,1.0,Sanilac,324,Triple packaging boxes,100000000,0.10000000149011612
1265,25.0,1.0,Schoolcraft,298,Triple packaging boxes,100000000,0.10000000149011612
1266,12.0,1.0,Van Buren,138,Triple packaging boxes,100000000,0.10000000149011612
1267,9.0,1.0,Washtenaw,110,Triple packaging boxes,100000000,0.10000000149011612
1268,71.0,1.0,Wexford,839,Triple packaging boxes,100000000,0.10000000149011612
1269,0.0,0.0,Alcona,5360,Wipes,100000000,0.10000000149011612
1270,0.0,0.0,Alger,390,Wipes,100000000,0.10000000149011612
1271,0.0,0.0,Allegan,3250,Wipes,100000000,0.10000000149011612
1272,0.0,0.0,Antrim,5180,Wipes,100000000,0.10000000149011612
1273,0.0,0.0,Baraga,61020,Wipes,100000000,0.10000000149011612
1274,0.0,0.0,Barry,7720,Wipes,100000000,0.10000000149011612
1275,0.0,0.0,Benzie,18960,Wipes,100000000,0.10000000149011612
1276,0.0,0.0,Delta,7410,Wipes,100000000,0.10000000149011612
1277,0.0,0.0,Dickinson,4520,Wipes,100000000,0.10000000149011612
1278,0.0,0.0,Eaton,11090,Wipes,100000000,0.10000000149011612
1279,0.0,0.0,Emmet,690,Wipes,100000000,0.10000000149011612
1280,0.0,0.0,Gogebic,47680,Wipes,100000000,0.10000000149011612
1281,0.0,0.0,Grand Traverse,6120,Wipes,100000000,0.10000000149011612
1282,0.0,0.0,Gratiot,640,Wipes,100000000,0.10000000149011612
1283,0.0,0.0,Houghton,5300,Wipes,100000000,0.10000000149011612
1284,0.0,0.0,Huron,2060,Wipes,100000000,0.10000000149011612
1285,0.0,0.0,Iron,20380,Wipes,100000000,0.10000000149011612
1286,0.0,0.0,Isabella,76770,Wipes,100000000,0.10000000149011612
1287,0.0,0.0,Kalamazoo,3920,Wipes,100000000,0.10000000149011612
1288,0.0,0.0,Kalkaska,122280,Wipes,100000000,0.10000000149011612
1289,0.0,0.0,Kent,7460,Wipes,100000000,0.10000000149011612
1290,0.0,0.0,Keweenaw,7340,Wipes,100000000,0.10000000149011612
1291,0.0,0.0,Lake,12380,Wipes,100000000,0.10000000149011612
1292,0.0,0.0,Lapeer,1720,Wipes,100000000,0.10000000149011612
1293,0.0,0.0,Leelanau,34080,Wipes,100000000,0.10000000149011612
1294,0.0,0.0,Lenawee,2920,Wipes,100000000,0.10000000149011612
1295,0.0,0.0,Livingston,35600,Wipes,100000000,0.10000000149011612
1296,0.0,0.0,Manistee,3640,Wipes,100000000,0.10000000149011612
1297,0.0,0.0,Marquette,19130,Wipes,100000000,0.10000000149011612
1298,0.0,0.0,Mason,3780,Wipes,100000000,0.10000000149011612
1299,0.0,0.0,Mecosta,140,Wipes,100000000,0.10000000149011612
1300,0.0,0.0,Menominee,3200,Wipes,100000000,0.10000000149011612
1301,0.0,0.0,Midland,8750,Wipes,100000000,0.10000000149011612
1302,0.0,0.0,Missaukee,7040,Wipes,100000000,0.10000000149011612
1303,0.0,0.0,Monroe,1960,Wipes,100000000,0.10000000149011612
1304,0.0,0.0,Montcalm,43240,Wipes,100000000,0.10000000149011612
1305,0.0,0.0,Oceana,2730,Wipes,100000000,0.10000000149011612
1306,0.0,0.0,Ogemaw,37970,Wipes,100000000,0.10000000149011612
1307,0.0,0.0,Osceola,363700,Wipes,100000000,0.10000000149011612
1308,0.0,0.0,Oscoda,10900,Wipes,100000000,0.10000000149011612
1309,0.0,0.0,Presque Isle,12220,Wipes,100000000,0.10000000149011612
1310,0.0,0.0,Roscommon,20720,Wipes,100000000,0.10000000149011612
1311,0.0,0.0,Sanilac,3240,Wipes,100000000,0.10000000149011612
1312,0.0,0.0,Schoolcraft,2980,Wipes,100000000,0.10000000149011612
1313,0.0,0.0,Van Buren,1380,Wipes,100000000,0.10000000149011612
1314,0.0,0.0,Washtenaw,1100,Wipes,100000000,0.10000000149011612
1315,0.0,0.0,Wexford,8390,Wipes,100000000,0.10000000149011612
